studentId,admissionNumber,rollNumber,firstName,lastName,gender,dateOfBirth,age,class,section,bloodGroup,religion,nationality,fatherName,parentMobileNumber,completeAddress,city,province,postalCode,attendancePercentage,totalMarksObtained,maxPossibleMarks,percentage,grade,passFailStatus,feeStatus,username,createdAt,English,Urdu,Mathematics,General Knowledge,General Science,Social Studies,History_Geography,Computer Education,Physics,Chemistry,Biology,Computer Science,Islamiat,Ethics,Pakistan Studies
STD982837,ADM904476,1,Hamza,Siddiqui,Male,2019-11-10,7,Class 1,A,AB-,Hinduism,Pakistani,Ali Siddiqui,+923009821454,"House No. 160, Street 5, Johar Town",Lahore,Punjab,54000,88%,186,500,37.2,D,Pass,Paid,hamza.siddiqui11,2026-07-16T19:29:03.937Z,35,39,34,35,NULL,NULL,NULL,NULL,NULL,NULL,NULL,NULL,NULL,43,NULL
STD048279,ADM326953,26,Sana,Butt,Female,2016-02-09,10,Class 5,C,O-,Islam,Pakistani,Talha Butt,+923337625689,"House No. 445, Lane 9, Satellite Town",Rawalpindi,Punjab,46000,93%,564,600,94,A+,Pass,Unpaid,sana.butt72,2026-07-16T19:29:03.941Z,99,90,99,NULL,86,94,NULL,NULL,NULL,NULL,NULL,NULL,96,NULL,NULL
STD920420,ADM223178,21,Iqra,Chaudhry,Female,2014-04-16,12,Class 7,C,A+,Islam,Pakistani,Ahmed Chaudhry,+923454084168,"House No. 277, Street 10, Bani Gala",Islamabad,Islamabad Capital Territory,44000,75%,433,700,61.86,B,Pass,Paid,iqra.chaudhry51,2026-07-16T19:29:03.944Z,62,49,68,NULL,61,NULL,74,55,NULL,NULL,NULL,NULL,64,NULL,NULL
STD968315,ADM552839,22,Mustafa,Ahmed,Male,2015-04-23,11,Class 5,C,AB-,Islam,Pakistani,Ali Ahmed,+923452972155,"House No. 491, Street 13, Sector G-11",Islamabad,Islamabad Capital Territory,44000,97%,372,600,62,B,Pass,Unpaid,mustafa.ahmed26,2026-07-16T19:29:03.941Z,54,65,70,NULL,52,56,NULL,NULL,NULL,NULL,NULL,NULL,75,NULL,NULL
STD360450,ADM692101,29,Haris,Mughal,Male,2017-03-04,9,Class 4,C,O-,Islam,Pakistani,Mustafa Mughal,+923003512328,"House No. 367, Avenue 1, Sector G-11",Islamabad,Islamabad Capital Territory,44000,97%,526,600,87.67,A+,Pass,Paid,haris.mughal45,2026-07-16T19:29:03.941Z,90,85,84,NULL,93,94,NULL,NULL,NULL,NULL,NULL,NULL,80,NULL,NULL
STD753319,ADM843033,13,Bilal,Siddiqui,Male,2017-01-13,9,Class 4,B,B-,Islam,Pakistani,Arsalan Siddiqui,+923455860140,"House No. 427, Avenue 2, Sector I-8",Islamabad,Islamabad Capital Territory,44000,74%,380,600,63.33,B,Pass,Paid,bilal.siddiqui79,2026-07-16T19:29:03.941Z,79,77,46,NULL,66,67,NULL,NULL,NULL,NULL,NULL,NULL,45,NULL,NULL
STD891016,ADM280083,2,Muhammad,Sheikh,Male,2016-05-28,10,Class 4,A,A-,Islam,Pakistani,Bilal Sheikh,+923009462689,"House No. 150, Avenue 13, Bahria Town",Rawalpindi,Punjab,46000,72%,429,600,71.5,A,Pass,Unpaid,muhammad.sheikh70,2026-07-16T19:29:03.941Z,72,75,73,NULL,79,70,NULL,NULL,NULL,NULL,NULL,NULL,60,NULL,NULL
STD979595,ADM127692,18,Ahmed,Sheikh,Male,2016-02-18,10,Class 4,B,A+,Christianity,Pakistani,Zain Sheikh,+923218232030,"House No. 68, Lane 8, Gulberg",Lahore,Punjab,54000,81%,536,600,89.33,A+,Pass,Paid,ahmed.sheikh34,2026-07-16T19:29:03.941Z,96,80,97,NULL,81,88,NULL,NULL,NULL,NULL,NULL,NULL,NULL,94,NULL
STD473728,ADM736052,27,Arsalan,Qureshi,Male,2017-01-22,9,Class 3,C,A+,Christianity,Pakistani,Talha Qureshi,+923458477973,"House No. 326, Street 12, Model Town",Lahore,Punjab,54000,79%,435,500,87,A+,Pass,Paid,arsalan.qureshi96,2026-07-16T19:29:03.941Z,82,92,98,82,NULL,NULL,NULL,NULL,NULL,NULL,NULL,NULL,NULL,81,NULL
STD113258,ADM205287,1,Saad,Abbasi,Male,2015-03-18,11,Class 6,A,AB+,Islam,Pakistani,Fahad Abbasi,+923453801789,"House No. 263, Street 14, Gulberg",Lahore,Punjab,54000,81%,405,700,57.86,C,Pass,Paid,saad.abbasi23,2026-07-16T19:29:03.942Z,63,45,61,NULL,48,NULL,68,54,NULL,NULL,NULL,NULL,66,NULL,NULL
STD895339,ADM579747,4,Fatima,Mughal,Female,2014-05-12,12,Class 6,A,A-,Hinduism,Pakistani,Hamza Mughal,+923121905627,"House No. 3, Street 4, Clifton",Karachi,Sindh,74200,93%,425,700,60.71,B,Pass,Unpaid,fatima.mughal26,2026-07-16T19:29:03.942Z,59,52,76,NULL,77,NULL,62,50,NULL,NULL,NULL,NULL,NULL,49,NULL
STD734874,ADM517944,4,Ali,Qureshi,Male,2020-10-09,6,Class 1,A,B-,Islam,Pakistani,Omar Qureshi,+923455548354,"House No. 90, Street 11, Saddar",Rawalpindi,Punjab,46000,70%,312,500,62.4,B,Pass,Paid,ali.qureshi16,2026-07-16T19:29:03.938Z,68,70,60,47,NULL,NULL,NULL,NULL,NULL,NULL,NULL,NULL,67,NULL,NULL
STD020440,ADM382322,12,Muhammad,Ahmed,Male,2020-04-23,6,Class 1,B,B+,Christianity,Pakistani,Arsalan Ahmed,+923012377294,"House No. 458, Road 14, Johar Town",Lahore,Punjab,54000,77%,204,500,40.8,F,Fail,Paid,muhammad.ahmed98,2026-07-16T19:29:03.939Z,48,31,41,47,NULL,NULL,NULL,NULL,NULL,NULL,NULL,NULL,NULL,37,NULL
STD240617,ADM698445,3,Mariam,Ahmed,Female,2017-04-07,9,Class 4,A,B-,Islam,Pakistani,Ahmed Ahmed,+923013452498,"House No. 444, Lane 5, Clifton",Karachi,Sindh,74200,83%,400,600,66.67,B,Pass,Paid,mariam.ahmed13,2026-07-16T19:29:03.941Z,74,65,74,NULL,77,60,NULL,NULL,NULL,NULL,NULL,NULL,50,NULL,NULL
STD066119,ADM542875,7,Haris,Malik,Male,2020-10-11,6,Class 1,A,O+,Islam,Pakistani,Omar Malik,+923218147559,"House No. 174, Road 8, DHA Phase 5",Lahore,Punjab,54000,70%,361,500,72.2,A,Pass,Paid,haris.malik61,2026-07-16T19:29:03.939Z,77,74,77,66,NULL,NULL,NULL,NULL,NULL,NULL,NULL,NULL,67,NULL,NULL
STD665347,ADM576886,11,Khadija,Shah,Female,2020-01-28,6,Class 1,B,A+,Islam,Pakistani,Muhammad Shah,+923127652602,"House No. 195, Avenue 3, Sector F-10",Islamabad,Islamabad Capital Territory,44000,87%,320,500,64,B,Pass,Paid,khadija.shah67,2026-07-16T19:29:03.939Z,77,56,51,71,NULL,NULL,NULL,NULL,NULL,NULL,NULL,NULL,65,NULL,NULL
STD196444,ADM734754,24,Muhammad,Khan,Male,2019-11-03,7,Class 1,C,B+,Islam,Pakistani,Ahmed Khan,+923337780800,"House No. 199, Road 3, PECHS",Karachi,Sindh,74200,70%,197,500,39.4,F,Fail,Paid,muhammad.khan30,2026-07-16T19:29:03.939Z,47,32,36,48,NULL,NULL,NULL,NULL,NULL,NULL,NULL,NULL,34,NULL,NULL
STD574879,ADM689148,11,Laiba,Ali,Female,2018-03-04,8,Class 3,B,O+,Islam,Pakistani,Usman Ali,+923127385096,"House No. 56, Street 5, Satellite Town",Rawalpindi,Punjab,46000,83%,304,500,60.8,B,Pass,Unpaid,laiba.ali13,2026-07-16T19:29:03.940Z,67,69,53,56,NULL,NULL,NULL,NULL,NULL,NULL,NULL,NULL,59,NULL,NULL
STD913379,ADM102025,17,Khadija,Shah,Female,2019-05-03,7,Class 2,B,B-,Islam,Pakistani,Fahad Shah,+923339902849,"House No. 312, Road 15, Sector I-8",Islamabad,Islamabad Capital Territory,44000,80%,339,500,67.8,B,Pass,Paid,khadija.shah76,2026-07-16T19:29:03.940Z,59,75,66,64,NULL,NULL,NULL,NULL,NULL,NULL,NULL,NULL,75,NULL,NULL
STD856297,ADM319701,29,Laiba,Ali,Female,2019-11-06,7,Class 2,C,B+,Islam,Pakistani,Omar Ali,+923008734015,"House No. 79, Road 13, Saddar",Rawalpindi,Punjab,46000,77%,316,500,63.2,B,Pass,Paid,laiba.ali48,2026-07-16T19:29:03.940Z,63,78,70,58,NULL,NULL,NULL,NULL,NULL,NULL,NULL,NULL,47,NULL,NULL
STD666977,ADM468625,2,Sana,Sheikh,Female,2018-09-25,8,Class 2,A,B+,Hinduism,Pakistani,Abdullah Sheikh,+923452424089,"House No. 326, Avenue 9, North Nazimabad",Karachi,Sindh,74200,82%,337,500,67.4,B,Pass,Paid,sana.sheikh17,2026-07-16T19:29:03.939Z,70,66,79,64,NULL,NULL,NULL,NULL,NULL,NULL,NULL,NULL,NULL,58,NULL
STD578121,ADM336111,24,Bilal,Khan,Male,2019-03-27,7,Class 2,C,O-,Islam,Pakistani,Muhammad Khan,+923216641356,"House No. 274, Avenue 12, Bani Gala",Islamabad,Islamabad Capital Territory,44000,66%,175,500,35,F,Fail,Paid,bilal.khan47,2026-07-16T19:29:03.940Z,30,39,31,31,NULL,NULL,NULL,NULL,NULL,NULL,NULL,NULL,44,NULL,NULL
STD474593,ADM692349,28,Talha,Chaudhry,Male,2018-10-17,8,Class 2,C,O+,Hinduism,Pakistani,Usman Chaudhry,+923339083243,"House No. 83, Street 10, Gulshan-e-Iqbal",Karachi,Sindh,74200,71%,322,500,64.4,B,Pass,Unpaid,talha.chaudhry36,2026-07-16T19:29:03.940Z,77,74,65,45,NULL,NULL,NULL,NULL,NULL,NULL,NULL,NULL,NULL,61,NULL
STD276923,ADM195503,3,Muhammad,Ali,Male,2018-11-02,8,Class 2,A,AB+,Hinduism,Pakistani,Abdullah Ali,+923001757885,"House No. 282, Street 8, Gulshan-e-Iqbal",Karachi,Sindh,74200,99%,129,500,25.8,F,Fail,Unpaid,muhammad.ali11,2026-07-16T19:29:03.939Z,23,19,27,30,NULL,NULL,NULL,NULL,NULL,NULL,NULL,NULL,NULL,30,NULL
STD124160,ADM272888,13,Mariam,Chaudhry,Female,2020-05-16,6,Class 1,B,AB-,Islam,Pakistani,Muhammad Chaudhry,+923216103735,"House No. 198, Street 9, Defense (DHA)",Karachi,Sindh,74200,92%,325,500,65,B,Pass,Paid,mariam.chaudhry33,2026-07-16T19:29:03.939Z,72,49,61,70,NULL,NULL,NULL,NULL,NULL,NULL,NULL,NULL,73,NULL,NULL
STD890851,ADM224062,20,Ayesha,Mughal,Female,2018-05-28,8,Class 2,B,O-,Islam,Pakistani,Bilal Mughal,+923028875304,"House No. 465, Street 9, Sector F-10",Islamabad,Islamabad Capital Territory,44000,95%,191,500,38.2,F,Fail,Paid,ayesha.mughal62,2026-07-16T19:29:03.940Z,38,42,45,32,NULL,NULL,NULL,NULL,NULL,NULL,NULL,NULL,34,NULL,NULL
STD301037,ADM590745,1,Ayesha,Shah,Female,2018-11-01,8,Class 2,A,B+,Islam,Pakistani,Fahad Shah,+923029629933,"House No. 68, Street 10, Sector G-11",Islamabad,Islamabad Capital Territory,44000,68%,443,500,88.6,A+,Pass,Paid,ayesha.shah29,2026-07-16T19:29:03.939Z,82,96,88,82,NULL,NULL,NULL,NULL,NULL,NULL,NULL,NULL,95,NULL,NULL
STD351494,ADM927083,30,Ahmed,Ahmed,Male,2019-07-07,7,Class 1,C,O-,Christianity,Pakistani,Zain Ahmed,+923215477578,"House No. 317, Road 4, North Nazimabad",Karachi,Sindh,74200,81%,445,500,89,A+,Pass,Paid,ahmed.ahmed83,2026-07-16T19:29:03.939Z,88,93,82,98,NULL,NULL,NULL,NULL,NULL,NULL,NULL,NULL,NULL,84,NULL
STD327034,ADM652639,18,Zain,Shah,Male,2018-11-19,8,Class 3,B,AB-,Hinduism,Pakistani,Fahad Shah,+923004793676,"House No. 127, Avenue 8, Clifton",Karachi,Sindh,74200,97%,290,500,58,C,Pass,Unpaid,zain.shah67,2026-07-16T19:29:03.940Z,60,49,57,74,NULL,NULL,NULL,NULL,NULL,NULL,NULL,NULL,NULL,50,NULL
STD169858,ADM569589,6,Arsalan,Qureshi,Male,2018-12-17,8,Class 3,A,AB+,Islam,Pakistani,Ahmed Qureshi,+923459992219,"House No. 199, Lane 6, Gulberg",Lahore,Punjab,54000,91%,432,500,86.4,A+,Pass,Paid,arsalan.qureshi81,2026-07-16T19:29:03.940Z,88,82,86,84,NULL,NULL,NULL,NULL,NULL,NULL,NULL,NULL,92,NULL,NULL
STD352618,ADM782095,7,Fahad,Mughal,Male,2017-04-28,9,Class 3,A,A-,Islam,Pakistani,Talha Mughal,+923332106087,"House No. 476, Avenue 3, Bani Gala",Islamabad,Islamabad Capital Territory,44000,75%,275,500,55,C,Pass,Paid,fahad.mughal16,2026-07-16T19:29:03.940Z,64,47,52,65,NULL,NULL,NULL,NULL,NULL,NULL,NULL,NULL,47,NULL,NULL
STD582942,ADM102525,19,Fahad,Khan,Male,2020-07-24,6,Class 1,B,O-,Hinduism,Pakistani,Talha Khan,+923124734346,"House No. 107, Street 9, Chaklala Scheme III",Rawalpindi,Punjab,46000,98%,344,500,68.8,B,Pass,Paid,fahad.khan15,2026-07-16T19:29:03.939Z,56,73,76,64,NULL,NULL,NULL,NULL,NULL,NULL,NULL,NULL,NULL,75,NULL
STD981058,ADM171009,16,Fatima,Abbasi,Female,2020-02-01,6,Class 1,B,O-,Hinduism,Pakistani,Ali Abbasi,+923212792142,"House No. 231, Lane 1, Johar Town",Lahore,Punjab,54000,91%,177,500,35.4,F,Fail,Paid,fatima.abbasi37,2026-07-16T19:29:03.939Z,31,38,36,30,NULL,NULL,NULL,NULL,NULL,NULL,NULL,NULL,NULL,42,NULL
STD386597,ADM614926,26,Talha,Ali,Male,2019-05-11,7,Class 2,C,O-,Islam,Pakistani,Arsalan Ali,+923023292167,"House No. 24, Avenue 1, PECHS",Karachi,Sindh,74200,89%,194,500,38.8,F,Fail,Paid,talha.ali85,2026-07-16T19:29:03.940Z,41,34,48,39,NULL,NULL,NULL,NULL,NULL,NULL,NULL,NULL,32,NULL,NULL
STD406922,ADM392787,9,Ali,Ahmed,Male,2019-07-01,7,Class 2,A,O-,Islam,Pakistani,Fahad Ahmed,+923002907011,"House No. 471, Avenue 7, Bani Gala",Islamabad,Islamabad Capital Territory,44000,29%,0,500,0,N/A,Absent,Paid,ali.ahmed23,2026-07-16T19:29:03.940Z,A,A,A,A,NULL,NULL,NULL,NULL,NULL,NULL,NULL,NULL,A,NULL,NULL
STD190678,ADM699944,23,Fatima,Abbasi,Female,2017-03-10,9,Class 4,C,O-,Christianity,Pakistani,Zain Abbasi,+923456842886,"House No. 188, Street 1, PECHS",Karachi,Sindh,74200,71%,544,600,90.67,A+,Pass,Paid,fatima.abbasi16,2026-07-16T19:29:03.941Z,93,97,83,NULL,88,95,NULL,NULL,NULL,NULL,NULL,NULL,NULL,88,NULL
STD488846,ADM133540,24,Fatima,Khan,Female,2016-09-26,10,Class 4,C,A+,Hinduism,Pakistani,Ahmed Khan,+923451827834,"House No. 199, Lane 11, Samanabad",Lahore,Punjab,54000,85%,553,600,92.17,A+,Pass,Paid,fatima.khan40,2026-07-16T19:29:03.941Z,89,96,90,NULL,94,91,NULL,NULL,NULL,NULL,NULL,NULL,NULL,93,NULL
STD959391,ADM085784,21,Anum,Qureshi,Female,2017-10-13,9,Class 3,C,AB-,Hinduism,Pakistani,Ahmed Qureshi,+923009097984,"House No. 241, Lane 11, Bani Gala",Islamabad,Islamabad Capital Territory,44000,24%,0,500,0,N/A,Absent,Paid,anum.qureshi79,2026-07-16T19:29:03.940Z,A,A,A,A,NULL,NULL,NULL,NULL,NULL,NULL,NULL,NULL,NULL,A,NULL
STD595288,ADM430512,27,Khadija,Abbasi,Female,2017-11-19,9,Class 4,C,O-,Christianity,Pakistani,Haris Abbasi,+923122512157,"House No. 439, Avenue 4, Sector F-10",Islamabad,Islamabad Capital Territory,44000,75%,353,600,58.83,C,Pass,Paid,khadija.abbasi69,2026-07-16T19:29:03.941Z,65,59,59,NULL,47,74,NULL,NULL,NULL,NULL,NULL,NULL,NULL,49,NULL
STD184546,ADM859374,3,Ali,Sheikh,Male,2015-08-21,11,Class 6,A,O-,Hinduism,Pakistani,Bilal Sheikh,+923451155859,"House No. 350, Road 15, Defense (DHA)",Karachi,Sindh,74200,83%,462,700,66,B,Pass,Paid,ali.sheikh77,2026-07-16T19:29:03.942Z,51,58,72,NULL,67,NULL,70,67,NULL,NULL,NULL,NULL,NULL,77,NULL
STD055038,ADM650637,6,Mustafa,Shah,Male,2019-09-12,7,Class 2,A,AB-,Christianity,Pakistani,Bilal Shah,+923128832907,"House No. 383, Lane 8, Defense (DHA)",Karachi,Sindh,74200,97%,450,500,90,A+,Pass,Paid,mustafa.shah94,2026-07-16T19:29:03.940Z,97,83,85,91,NULL,NULL,NULL,NULL,NULL,NULL,NULL,NULL,NULL,94,NULL
STD616666,ADM261502,5,Zain,Malik,Male,2013-08-23,13,Class 8,A,A-,Hinduism,Pakistani,Mustafa Malik,+923015284177,"House No. 349, Street 12, Sector G-11",Islamabad,Islamabad Capital Territory,44000,79%,651,700,93,A+,Pass,Paid,zain.malik82,2026-07-16T19:29:03.944Z,99,93,96,NULL,83,NULL,90,96,NULL,NULL,NULL,NULL,NULL,94,NULL
STD140929,ADM784996,13,Hira,Ali,Female,2018-09-09,8,Class 2,B,A-,Islam,Pakistani,Abdullah Ali,+923005306064,"House No. 391, Lane 3, Gulberg",Lahore,Punjab,54000,71%,314,500,62.8,B,Pass,Paid,hira.ali61,2026-07-16T19:29:03.940Z,72,56,76,55,NULL,NULL,NULL,NULL,NULL,NULL,NULL,NULL,55,NULL,NULL
STD616131,ADM540636,22,Khadija,Ahmed,Female,2016-10-04,10,Class 4,C,AB+,Islam,Pakistani,Haris Ahmed,+923451048215,"House No. 61, Avenue 13, Samanabad",Lahore,Punjab,54000,73%,422,600,70.33,A,Pass,Paid,khadija.ahmed22,2026-07-16T19:29:03.941Z,78,75,71,NULL,60,69,NULL,NULL,NULL,NULL,NULL,NULL,69,NULL,NULL
STD788601,ADM127155,10,Sidra,Abbasi,Female,2018-10-10,8,Class 2,A,AB-,Islam,Pakistani,Hamza Abbasi,+923006898014,"House No. 182, Street 8, Sector I-8",Islamabad,Islamabad Capital Territory,44000,68%,342,500,68.4,B,Pass,Unpaid,sidra.abbasi45,2026-07-16T19:29:03.940Z,71,69,76,67,NULL,NULL,NULL,NULL,NULL,NULL,NULL,NULL,59,NULL,NULL
STD600937,ADM967030,17,Omar,Chaudhry,Male,2020-10-13,6,Class 1,B,B+,Islam,Pakistani,Fahad Chaudhry,+923008644065,"House No. 480, Road 5, Model Town",Lahore,Punjab,54000,69%,328,500,65.6,B,Pass,Paid,omar.chaudhry44,2026-07-16T19:29:03.939Z,58,52,71,74,NULL,NULL,NULL,NULL,NULL,NULL,NULL,NULL,73,NULL,NULL
STD706947,ADM227160,5,Fatima,Qureshi,Female,2013-02-13,13,Class 7,A,AB+,Islam,Pakistani,Arsalan Qureshi,+923451886543,"House No. 65, Street 14, Bani Gala",Islamabad,Islamabad Capital Territory,44000,68%,633,700,90.43,A+,Pass,Paid,fatima.qureshi74,2026-07-16T19:29:03.942Z,81,99,84,NULL,90,NULL,93,92,NULL,NULL,NULL,NULL,94,NULL,NULL
STD843690,ADM712898,3,Saba,Malik,Female,2017-07-24,9,Class 3,A,B+,Islam,Pakistani,Muhammad Malik,+923218315626,"House No. 43, Lane 7, Defense (DHA)",Karachi,Sindh,74200,87%,333,500,66.6,B,Pass,Paid,saba.malik55,2026-07-16T19:29:03.940Z,66,70,72,69,NULL,NULL,NULL,NULL,NULL,NULL,NULL,NULL,56,NULL,NULL
STD841690,ADM400506,19,Sidra,Qureshi,Female,2016-04-14,10,Class 4,B,AB-,Hinduism,Pakistani,Talha Qureshi,+923015735890,"House No. 432, Lane 13, Satellite Town",Rawalpindi,Punjab,46000,66%,385,600,64.17,B,Pass,Paid,sidra.qureshi91,2026-07-16T19:29:03.941Z,55,73,78,NULL,73,60,NULL,NULL,NULL,NULL,NULL,NULL,NULL,46,NULL
STD901444,ADM716043,7,Mariam,Qureshi,Female,2016-10-03,10,Class 4,A,A-,Hinduism,Pakistani,Muhammad Qureshi,+923216086929,"House No. 97, Lane 14, Clifton",Karachi,Sindh,74200,85%,345,600,57.5,C,Pass,Paid,mariam.qureshi85,2026-07-16T19:29:03.941Z,46,74,52,NULL,51,47,NULL,NULL,NULL,NULL,NULL,NULL,NULL,75,NULL
STD838254,ADM735732,24,Sana,Ahmed,Female,2015-07-06,11,Class 6,C,B+,Islam,Pakistani,Omar Ahmed,+923002879336,"House No. 386, Road 4, Sector G-11",Islamabad,Islamabad Capital Territory,44000,100%,466,700,66.57,B,Pass,Paid,sana.ahmed18,2026-07-16T19:29:03.942Z,57,49,64,NULL,63,NULL,79,78,NULL,NULL,NULL,NULL,76,NULL,NULL
STD713427,ADM941857,17,Ayesha,Ali,Female,2014-04-19,12,Class 7,B,AB-,Islam,Pakistani,Usman Ali,+923005501574,"House No. 363, Avenue 8, Samanabad",Lahore,Punjab,54000,71%,632,700,90.29,A+,Pass,Paid,ayesha.ali55,2026-07-16T19:29:03.942Z,99,92,88,NULL,88,NULL,84,90,NULL,NULL,NULL,NULL,91,NULL,NULL
STD864751,ADM416819,29,Omar,Ali,Male,2017-05-20,9,Class 3,C,AB-,Islam,Pakistani,Ahmed Ali,+923452528902,"House No. 277, Road 6, Model Town",Lahore,Punjab,54000,82%,198,500,39.6,F,Fail,Unpaid,omar.ali51,2026-07-16T19:29:03.941Z,43,37,32,48,NULL,NULL,NULL,NULL,NULL,NULL,NULL,NULL,38,NULL,NULL
STD812680,ADM054931,14,Saad,Ahmed,Male,2019-08-09,7,Class 1,B,AB+,Christianity,Pakistani,Ahmed Ahmed,+923005517294,"House No. 388, Avenue 12, Gulshan-e-Iqbal",Karachi,Sindh,74200,68%,443,500,88.6,A+,Pass,Paid,saad.ahmed71,2026-07-16T19:29:03.939Z,100,89,82,92,NULL,NULL,NULL,NULL,NULL,NULL,NULL,NULL,NULL,80,NULL
STD722584,ADM740500,16,Saba,Mughal,Female,2013-04-18,13,Class 8,B,B-,Islam,Pakistani,Arsalan Mughal,+923018705693,"House No. 142, Road 4, PECHS",Karachi,Sindh,74200,71%,396,700,56.57,C,Pass,Paid,saba.mughal33,2026-07-16T19:29:03.944Z,49,50,52,NULL,58,NULL,49,78,NULL,NULL,NULL,NULL,60,NULL,NULL
STD806853,ADM814605,24,Hira,Shah,Female,2016-05-08,10,Class 5,C,A+,Islam,Pakistani,Haris Shah,+923001663274,"House No. 410, Lane 6, Gulberg",Lahore,Punjab,54000,71%,227,600,37.83,F,Fail,Paid,hira.shah47,2026-07-16T19:29:03.941Z,41,31,35,NULL,48,34,NULL,NULL,NULL,NULL,NULL,NULL,38,NULL,NULL
STD349597,ADM991009,14,Fahad,Khan,Male,2013-12-28,13,Class 7,B,O+,Islam,Pakistani,Fahad Khan,+923337113632,"House No. 181, Street 5, Chaklala Scheme III",Rawalpindi,Punjab,46000,84%,465,700,66.43,B,Pass,Paid,fahad.khan16,2026-07-16T19:29:03.942Z,73,76,55,NULL,64,NULL,54,70,NULL,NULL,NULL,NULL,73,NULL,NULL
STD990721,ADM397585,1,Mahnoor,Ali,Female,2017-04-28,9,Class 4,A,O+,Hinduism,Pakistani,Muhammad Ali,+923213541568,"House No. 161, Lane 9, Clifton",Karachi,Sindh,74200,95%,412,600,68.67,B,Pass,Paid,mahnoor.ali99,2026-07-16T19:29:03.941Z,74,71,78,NULL,61,57,NULL,NULL,NULL,NULL,NULL,NULL,NULL,71,NULL
STD433824,ADM831224,8,Fahad,Ali,Male,2017-09-28,9,Class 4,A,O+,Islam,Pakistani,Zain Ali,+923211368485,"House No. 293, Avenue 15, Saddar",Rawalpindi,Punjab,46000,66%,356,600,59.33,C,Pass,Paid,fahad.ali14,2026-07-16T19:29:03.941Z,59,49,65,NULL,48,66,NULL,NULL,NULL,NULL,NULL,NULL,69,NULL,NULL
STD138591,ADM679400,5,Khadija,Malik,Female,2017-02-09,9,Class 4,A,A-,Islam,Pakistani,Mustafa Malik,+923004905937,"House No. 434, Lane 11, Clifton",Karachi,Sindh,74200,96%,405,600,67.5,B,Pass,Paid,khadija.malik71,2026-07-16T19:29:03.941Z,72,58,75,NULL,52,71,NULL,NULL,NULL,NULL,NULL,NULL,77,NULL,NULL
STD616666,ADM261502,5,Zain,Malik,Male,2013-08-23,13,Class 8,A,A-,Hinduism,Pakistani,Mustafa Malik,+923015792428,"House No. 349, Street 12, Sector G-11",Islamabad,Islamabad Capital Territory,44000,79%,651,700,93,A+,Pass,Unpaid,zain.malik82,2026-07-16T19:29:03.944Z,99,93,96,NULL,83,NULL,90,96,NULL,NULL,NULL,NULL,NULL,94,NULL
STD720338,ADM355633,21,Saad,Abbasi,Male,2020-04-20,6,Class 1,C,B+,Christianity,Pakistani,Talha Abbasi,+923009213325,"House No. 497, Avenue 10, Bani Gala",Islamabad,Islamabad Capital Territory,44000,99%,288,500,57.6,C,Pass,Paid,saad.abbasi86,2026-07-16T19:29:03.939Z,68,47,63,58,NULL,NULL,NULL,NULL,NULL,NULL,NULL,NULL,NULL,52,NULL
STD039664,ADM261146,6,Arsalan,Qureshi,Male,2012-06-20,14,Class 8,A,A+,Hinduism,Pakistani,Saad Qureshi,+923459339990,"House No. 201, Lane 12, Bani Gala",Islamabad,Islamabad Capital Territory,44000,65%,657,700,93.86,A+,Pass,Unpaid,arsalan.qureshi12,2026-07-16T19:29:03.944Z,97,81,98,NULL,100,NULL,86,95,NULL,NULL,NULL,NULL,NULL,100,NULL
STD798803,ADM972964,24,Ahmed,Sheikh,Male,2013-04-18,13,Class 7,C,A-,Islam,Pakistani,Haris Sheikh,+923452705248,"House No. 439, Street 14, Sector F-10",Islamabad,Islamabad Capital Territory,44000,91%,461,700,65.86,B,Pass,Paid,ahmed.sheikh39,2026-07-16T19:29:03.944Z,62,71,70,NULL,56,NULL,75,78,NULL,NULL,NULL,NULL,49,NULL,NULL
STD361512,ADM745789,6,Bilal,Sheikh,Male,2019-10-18,7,Class 1,A,AB+,Christianity,Pakistani,Haris Sheikh,+923452181451,"House No. 417, Street 2, Saddar",Rawalpindi,Punjab,46000,66%,121,500,24.2,F,Fail,Paid,bilal.sheikh44,2026-07-16T19:29:03.939Z,16,32,27,19,NULL,NULL,NULL,NULL,NULL,NULL,NULL,NULL,NULL,27,NULL
STD047985,ADM243652,30,Omar,Mughal,Male,2015-06-16,11,Class 6,C,A+,Islam,Pakistani,Talha Mughal,+923029201350,"House No. 157, Road 10, Satellite Town",Rawalpindi,Punjab,46000,98%,442,700,63.14,B,Pass,Paid,omar.mughal46,2026-07-16T19:29:03.942Z,77,55,67,NULL,58,NULL,71,47,NULL,NULL,NULL,NULL,67,NULL,NULL
STD985392,ADM817671,12,Bilal,Siddiqui,Male,2018-04-13,8,Class 2,B,A+,Islam,Pakistani,Abdullah Siddiqui,+923214863782,"House No. 124, Avenue 4, Samanabad",Lahore,Punjab,54000,77%,204,500,40.8,F,Fail,Paid,bilal.siddiqui64,2026-07-16T19:29:03.940Z,47,43,36,46,NULL,NULL,NULL,NULL,NULL,NULL,NULL,NULL,32,NULL,NULL
STD406268,ADM152336,20,Mariam,Ali,Female,2013-06-22,13,Class 8,B,A-,Christianity,Pakistani,Fahad Ali,+923335255585,"House No. 36, Lane 4, Satellite Town",Rawalpindi,Punjab,46000,83%,462,700,66,B,Pass,Unpaid,mariam.ali35,2026-07-16T19:29:03.944Z,78,58,78,NULL,69,NULL,47,57,NULL,NULL,NULL,NULL,NULL,75,NULL
STD174973,ADM749628,20,Muhammad,Butt,Male,2015-08-18,11,Class 6,B,B-,Islam,Pakistani,Usman Butt,+923009630310,"House No. 293, Lane 10, Bani Gala",Islamabad,Islamabad Capital Territory,44000,99%,387,700,55.29,C,Pass,Paid,muhammad.butt75,2026-07-16T19:29:03.942Z,50,45,73,NULL,52,NULL,58,60,NULL,NULL,NULL,NULL,49,NULL,NULL
STD771239,ADM073912,4,Ahmed,Butt,Male,2012-01-17,14,Class 8,A,A-,Islam,Pakistani,Talha Butt,+923122205023,"House No. 336, Road 7, Gulshan-e-Iqbal",Karachi,Sindh,74200,70%,262,700,37.43,F,Fail,Paid,ahmed.butt15,2026-07-16T19:29:03.944Z,44,41,36,NULL,42,NULL,33,32,NULL,NULL,NULL,NULL,34,NULL,NULL
STD423488,ADM396637,16,Abdullah,Ahmed,Male,2015-01-17,11,Class 6,B,O+,Islam,Pakistani,Hamza Ahmed,+923217884020,"House No. 143, Street 15, North Nazimabad",Karachi,Sindh,74200,81%,425,700,60.71,B,Pass,Unpaid,abdullah.ahmed45,2026-07-16T19:29:03.942Z,79,62,47,NULL,49,NULL,57,60,NULL,NULL,NULL,NULL,71,NULL,NULL
STD183723,ADM662365,18,Laiba,Butt,Female,2012-06-10,14,Class 8,B,O-,Hinduism,Pakistani,Saad Butt,+923212844671,"House No. 313, Avenue 6, Defense (DHA)",Karachi,Sindh,74200,86%,645,700,92.14,A+,Pass,Paid,laiba.butt26,2026-07-16T19:29:03.944Z,99,83,97,NULL,100,NULL,81,93,NULL,NULL,NULL,NULL,NULL,92,NULL
STD022539,ADM447674,14,Talha,Chaudhry,Male,2017-08-13,9,Class 4,B,AB-,Islam,Pakistani,Talha Chaudhry,+923453143451,"House No. 395, Avenue 4, Johar Town",Lahore,Punjab,54000,100%,537,600,89.5,A+,Pass,Unpaid,talha.chaudhry15,2026-07-16T19:29:03.941Z,84,92,88,NULL,96,95,NULL,NULL,NULL,NULL,NULL,NULL,82,NULL,NULL
STD460781,ADM699645,3,Arsalan,Mughal,Male,2013-11-28,13,Class 7,A,A-,Hinduism,Pakistani,Ali Mughal,+923337183531,"House No. 167, Lane 6, Defense (DHA)",Karachi,Sindh,74200,78%,432,700,61.71,B,Pass,Paid,arsalan.mughal59,2026-07-16T19:29:03.942Z,77,49,57,NULL,71,NULL,61,49,NULL,NULL,NULL,NULL,NULL,68,NULL
STD449209,ADM332499,27,Arsalan,Qureshi,Male,2020-05-02,6,Class 1,C,A+,Islam,Pakistani,Talha Qureshi,+923015110191,"House No. 140, Street 10, Sector I-8",Islamabad,Islamabad Capital Territory,44000,86%,95,500,19,F,Fail,Paid,arsalan.qureshi85,2026-07-16T19:29:03.939Z,12,18,19,31,NULL,NULL,NULL,NULL,NULL,NULL,NULL,NULL,15,NULL,NULL
STD217322,ADM988799,17,Mahnoor,Shah,Female,2014-01-08,12,Class 6,B,A-,Islam,Pakistani,Omar Shah,+923021815564,"House No. 161, Avenue 6, Bani Gala",Islamabad,Islamabad Capital Territory,44000,65%,479,700,68.43,B,Pass,Unpaid,mahnoor.shah87,2026-07-16T19:29:03.942Z,51,73,52,NULL,79,NULL,79,77,NULL,NULL,NULL,NULL,68,NULL,NULL
STD671444,ADM351301,13,Iqra,Siddiqui,Female,2018-05-25,8,Class 3,B,B+,Islam,Pakistani,Omar Siddiqui,+923124316325,"House No. 305, Street 12, Sector G-11",Islamabad,Islamabad Capital Territory,44000,90%,309,500,61.8,B,Pass,Paid,iqra.siddiqui44,2026-07-16T19:29:03.940Z,65,45,70,64,NULL,NULL,NULL,NULL,NULL,NULL,NULL,NULL,65,NULL,NULL
STD165964,ADM983972,8,Sidra,Mughal,Female,2013-08-19,13,Class 8,A,A+,Islam,Pakistani,Haris Mughal,+923023133453,"House No. 44, Road 11, Sector F-10",Islamabad,Islamabad Capital Territory,44000,98%,634,700,90.57,A+,Pass,Paid,sidra.mughal55,2026-07-16T19:29:03.944Z,91,93,91,NULL,82,NULL,84,98,NULL,NULL,NULL,NULL,95,NULL,NULL
STD566110,ADM961927,5,Sidra,Shah,Female,2017-04-23,9,Class 3,A,A+,Christianity,Pakistani,Ali Shah,+923336697351,"House No. 370, Street 12, Model Town",Lahore,Punjab,54000,77%,292,500,58.4,C,Pass,Paid,sidra.shah69,2026-07-16T19:29:03.940Z,51,62,72,47,NULL,NULL,NULL,NULL,NULL,NULL,NULL,NULL,NULL,60,NULL
STD267258,ADM908960,27,Saba,Khan,Female,2010-03-07,16,Class 10,C,A-,Islam,Pakistani,Talha Khan,+923451155782,"House No. 16, Lane 9, Model Town",Lahore,Punjab,54000,94%,291,700,41.57,F,Fail,Paid,saba.khan15,2026-07-16T19:29:03.945Z,43,46,44,NULL,NULL,NULL,NULL,NULL,44,31,NULL,NULL,38,NULL,45
STD630272,ADM214889,15,Talha,Ahmed,Male,2011-01-07,15,Class 10,B,A-,Hinduism,Pakistani,Muhammad Ahmed,+923211196963,"House No. 48, Lane 2, Sector I-8",Islamabad,Islamabad Capital Territory,44000,93%,377,700,53.86,C,Pass,Paid,talha.ahmed34,2026-07-16T19:29:03.945Z,45,46,45,NULL,NULL,NULL,NULL,NULL,73,48,NULL,NULL,NULL,64,56
STD724117,ADM423247,10,Sana,Qureshi,Female,2011-03-18,15,Class 10,A,O+,Islam,Pakistani,Haris Qureshi,+923026210021,"House No. 457, Avenue 13, Saddar",Rawalpindi,Punjab,46000,75%,609,700,87,A+,Pass,Paid,sana.qureshi23,2026-07-16T19:29:03.945Z,82,83,87,NULL,NULL,NULL,NULL,NULL,84,93,NULL,NULL,80,NULL,100
STD935420,ADM392269,14,Laiba,Khan,Female,2018-12-04,8,Class 3,B,B-,Islam,Pakistani,Arsalan Khan,+923121040412,"House No. 147, Street 7, Defense (DHA)",Karachi,Sindh,74200,66%,335,500,67,B,Pass,Paid,laiba.khan71,2026-07-16T19:29:03.940Z,71,62,77,71,NULL,NULL,NULL,NULL,NULL,NULL,NULL,NULL,54,NULL,NULL
STD978329,ADM852020,4,Anum,Abbasi,Female,2013-08-09,13,Class 7,A,B+,Islam,Pakistani,Mustafa Abbasi,+923123428134,"House No. 128, Street 13, Gulberg",Lahore,Punjab,54000,84%,419,700,59.86,C,Pass,Unpaid,anum.abbasi12,2026-07-16T19:29:03.942Z,61,79,49,NULL,67,NULL,57,58,NULL,NULL,NULL,NULL,48,NULL,NULL
STD394445,ADM553063,7,Mustafa,Mughal,Male,2015-04-04,11,Class 5,A,O-,Islam,Pakistani,Mustafa Mughal,+923123709995,"House No. 144, Street 8, Johar Town",Lahore,Punjab,54000,97%,215,600,35.83,F,Fail,Paid,mustafa.mughal35,2026-07-16T19:29:03.941Z,36,33,36,NULL,30,35,NULL,NULL,NULL,NULL,NULL,NULL,45,NULL,NULL
STD191847,ADM147888,9,Sana,Khan,Female,2020-07-12,6,Class 1,A,AB-,Islam,Pakistani,Omar Khan,+923017004160,"House No. 216, Street 10, Model Town",Lahore,Punjab,54000,94%,317,500,63.4,B,Pass,Paid,sana.khan96,2026-07-16T19:29:03.939Z,59,54,71,60,NULL,NULL,NULL,NULL,NULL,NULL,NULL,NULL,73,NULL,NULL
STD344525,ADM814454,7,Iqra,Siddiqui,Female,2013-12-17,13,Class 7,A,A-,Hinduism,Pakistani,Fahad Siddiqui,+923024831938,"House No. 167, Avenue 10, Gulshan-e-Iqbal",Karachi,Sindh,74200,88%,625,700,89.29,A+,Pass,Paid,iqra.siddiqui16,2026-07-16T19:29:03.942Z,88,96,97,NULL,84,NULL,89,87,NULL,NULL,NULL,NULL,NULL,84,NULL
STD582572,ADM288055,18,Talha,Butt,Male,2010-07-28,16,Class 10,B,A+,Islam,Pakistani,Abdullah Butt,+923015942850,"House No. 33, Street 6, Sector F-10",Islamabad,Islamabad Capital Territory,44000,72%,406,700,58,C,Pass,Paid,talha.butt44,2026-07-16T19:29:03.945Z,59,67,52,NULL,NULL,NULL,NULL,NULL,45,53,NULL,NULL,51,NULL,79
STD456457,ADM299270,18,Mustafa,Shah,Male,2013-10-23,13,Class 7,B,A-,Christianity,Pakistani,Usman Shah,+923124413582,"House No. 219, Lane 7, PECHS",Karachi,Sindh,74200,96%,264,700,37.71,F,Fail,Paid,mustafa.shah30,2026-07-16T19:29:03.942Z,41,38,39,NULL,42,NULL,30,37,NULL,NULL,NULL,NULL,NULL,37,NULL
STD120223,ADM138078,29,Talha,Ahmed,Male,2013-01-07,13,Class 8,C,A-,Islam,Pakistani,Ali Ahmed,+923005216082,"House No. 405, Lane 4, Sector I-8",Islamabad,Islamabad Capital Territory,44000,81%,437,700,62.43,B,Pass,Paid,talha.ahmed63,2026-07-16T19:29:03.945Z,61,48,54,NULL,77,NULL,45,76,NULL,NULL,NULL,NULL,76,NULL,NULL
STD238571,ADM926737,20,Abdullah,Malik,Male,2018-03-12,8,Class 3,B,B+,Islam,Pakistani,Arsalan Malik,+923459110412,"House No. 154, Street 7, Sector G-11",Islamabad,Islamabad Capital Territory,44000,87%,210,500,42,D,Pass,Unpaid,abdullah.malik24,2026-07-16T19:29:03.940Z,47,39,37,46,NULL,NULL,NULL,NULL,NULL,NULL,NULL,NULL,41,NULL,NULL
STD734125,ADM497761,25,Zain,Abbasi,Male,2014-11-18,12,Class 6,C,A-,Christianity,Pakistani,Arsalan Abbasi,+923454609697,"House No. 214, Road 12, Sector G-11",Islamabad,Islamabad Capital Territory,44000,85%,248,700,35.43,F,Fail,Paid,zain.abbasi69,2026-07-16T19:29:03.942Z,38,44,30,NULL,32,NULL,33,34,NULL,NULL,NULL,NULL,NULL,37,NULL
STD889419,ADM788891,28,Khadija,Chaudhry,Female,2013-12-09,13,Class 8,C,O-,Islam,Pakistani,Haris Chaudhry,+923338835366,"House No. 458, Lane 13, Saddar",Rawalpindi,Punjab,46000,65%,644,700,92,A+,Pass,Paid,khadija.chaudhry65,2026-07-16T19:29:03.944Z,95,97,88,NULL,85,NULL,87,95,NULL,NULL,NULL,NULL,97,NULL,NULL
STD213173,ADM868930,16,Sidra,Butt,Female,2018-01-26,8,Class 2,B,B-,Christianity,Pakistani,Haris Butt,+923454040146,"House No. 1, Road 13, Gulberg",Lahore,Punjab,54000,100%,340,500,68,B,Pass,Paid,sidra.butt92,2026-07-16T19:29:03.940Z,77,75,64,63,NULL,NULL,NULL,NULL,NULL,NULL,NULL,NULL,NULL,61,NULL
STD660521,ADM036740,22,Muhammad,Abbasi,Male,2010-11-27,16,Class 10,C,AB+,Hinduism,Pakistani,Abdullah Abbasi,+923219423056,"House No. 403, Avenue 4, North Nazimabad",Karachi,Sindh,74200,93%,628,700,89.71,A+,Pass,Paid,muhammad.abbasi14,2026-07-16T19:29:03.945Z,83,92,96,NULL,NULL,NULL,NULL,NULL,87,85,NULL,NULL,NULL,95,90
STD811467,ADM942838,16,Saad,Khan,Male,2017-08-14,9,Class 3,B,B+,Islam,Pakistani,Omar Khan,+923335327203,"House No. 110, Avenue 11, Defense (DHA)",Karachi,Sindh,74200,90%,271,500,54.2,C,Pass,Unpaid,saad.khan54,2026-07-16T19:29:03.940Z,56,63,49,55,NULL,NULL,NULL,NULL,NULL,NULL,NULL,NULL,48,NULL,NULL
STD521756,ADM348466,22,Bilal,Shah,Male,2015-02-24,11,Class 6,C,AB-,Islam,Pakistani,Omar Shah,+923453459301,"House No. 294, Avenue 13, PECHS",Karachi,Sindh,74200,79%,616,700,88,A+,Pass,Paid,bilal.shah42,2026-07-16T19:29:03.942Z,90,86,93,NULL,83,NULL,82,83,NULL,NULL,NULL,NULL,99,NULL,NULL
STD883932,ADM474557,7,Bilal,Ali,Male,2010-02-04,16,Class 10,A,O-,Islam,Pakistani,Ali Ali,+923334856625,"House No. 76, Road 5, DHA Phase 5",Lahore,Punjab,54000,99%,425,700,60.71,B,Pass,Paid,bilal.ali83,2026-07-16T19:29:03.945Z,55,66,71,NULL,NULL,NULL,NULL,NULL,63,48,NULL,NULL,71,NULL,51
STD630761,ADM691014,19,Saad,Abbasi,Male,2015-11-27,11,Class 5,B,B-,Islam,Pakistani,Zain Abbasi,+923125448850,"House No. 205, Road 3, Sector F-10",Islamabad,Islamabad Capital Territory,44000,91%,225,600,37.5,F,Fail,Paid,saad.abbasi16,2026-07-16T19:29:03.941Z,40,45,37,NULL,30,37,NULL,NULL,NULL,NULL,NULL,NULL,36,NULL,NULL
STD675374,ADM639414,5,Arsalan,Abbasi,Male,2019-11-07,7,Class 1,A,O+,Islam,Pakistani,Mustafa Abbasi,+923217152538,"House No. 73, Avenue 6, Defense (DHA)",Karachi,Sindh,74200,77%,123,500,24.6,F,Fail,Paid,arsalan.abbasi93,2026-07-16T19:29:03.938Z,28,28,17,31,NULL,NULL,NULL,NULL,NULL,NULL,NULL,NULL,19,NULL,NULL
STD657309,ADM552497,18,Usman,Khan,Male,2015-02-03,11,Class 6,B,O-,Islam,Pakistani,Ahmed Khan,+923012537010,"House No. 184, Avenue 12, Satellite Town",Rawalpindi,Punjab,46000,88%,468,700,66.86,B,Pass,Unpaid,usman.khan98,2026-07-16T19:29:03.942Z,74,66,56,NULL,72,NULL,57,76,NULL,NULL,NULL,NULL,67,NULL,NULL
STD776138,ADM695411,23,Muhammad,Chaudhry,Male,2014-05-18,12,Class 6,C,B-,Islam,Pakistani,Bilal Chaudhry,+923338199480,"House No. 357, Lane 7, Clifton",Karachi,Sindh,74200,69%,452,700,64.57,B,Pass,Unpaid,muhammad.chaudhry57,2026-07-16T19:29:03.942Z,73,59,57,NULL,64,NULL,54,78,NULL,NULL,NULL,NULL,67,NULL,NULL
STD771807,ADM257073,4,Mustafa,Mughal,Male,2017-04-04,9,Class 4,A,B+,Christianity,Pakistani,Ahmed Mughal,+923018743269,"House No. 498, Avenue 10, Gulshan-e-Iqbal",Karachi,Sindh,74200,84%,131,600,21.83,F,Fail,Paid,mustafa.mughal19,2026-07-16T19:29:03.941Z,16,20,15,NULL,27,29,NULL,NULL,NULL,NULL,NULL,NULL,NULL,24,NULL
STD219978,ADM510611,3,Hira,Butt,Female,2011-04-23,15,Class 9,A,B+,Hinduism,Pakistani,Ahmed Butt,+923027974046,"House No. 366, Road 10, Bahria Town",Rawalpindi,Punjab,46000,93%,548,600,91.33,A+,Pass,Paid,hira.butt72,2026-07-16T19:29:03.945Z,91,91,95,NULL,NULL,NULL,NULL,NULL,84,97,NULL,NULL,NULL,90,NULL
STD048279,ADM326953,26,Sana,Butt,Female,2016-02-09,10,Class 5,C,O-,Islam,Pakistani,Talha Butt,+923216044434,"House No. 445, Lane 9, Satellite Town",Rawalpindi,Punjab,46000,93%,564,600,94,A+,Pass,Paid,sana.butt72,2026-07-16T19:29:03.941Z,99,90,99,NULL,86,94,NULL,NULL,NULL,NULL,NULL,NULL,96,NULL,NULL
STD031930,ADM338192,21,Mariam,Mughal,Female,2017-11-15,9,Class 4,C,O+,Islam,Pakistani,Muhammad Mughal,+923005321184,"House No. 238, Street 12, Sector F-10",Islamabad,Islamabad Capital Territory,44000,98%,299,600,49.83,D,Pass,Paid,mariam.mughal24,2026-07-16T19:29:03.941Z,45,63,46,NULL,51,47,NULL,NULL,NULL,NULL,NULL,NULL,47,NULL,NULL
STD212257,ADM566410,14,Sana,Ali,Female,2011-03-26,15,Class 9,B,A+,Islam,Pakistani,Mustafa Ali,+923458846499,"House No. 245, Street 9, Sector G-11",Islamabad,Islamabad Capital Territory,44000,74%,424,600,70.67,A,Pass,Paid,sana.ali16,2026-07-16T19:29:03.945Z,79,76,79,NULL,NULL,NULL,NULL,NULL,70,63,NULL,NULL,57,NULL,NULL
STD475355,ADM674549,27,Bilal,Siddiqui,Male,2019-01-08,7,Class 2,C,A-,Christianity,Pakistani,Haris Siddiqui,+923011235887,"House No. 228, Street 1, PECHS",Karachi,Sindh,74200,71%,307,500,61.4,B,Pass,Paid,bilal.siddiqui36,2026-07-16T19:29:03.940Z,56,63,64,76,NULL,NULL,NULL,NULL,NULL,NULL,NULL,NULL,NULL,48,NULL
STD858207,ADM662051,25,Muhammad,Mughal,Male,2019-11-12,7,Class 2,C,A+,Islam,Pakistani,Bilal Mughal,+923334711513,"House No. 440, Street 13, Saddar",Rawalpindi,Punjab,46000,93%,447,500,89.4,A+,Pass,Unpaid,muhammad.mughal43,2026-07-16T19:29:03.940Z,94,85,99,84,NULL,NULL,NULL,NULL,NULL,NULL,NULL,NULL,85,NULL,NULL
STD751796,ADM230883,19,Saad,Sheikh,Male,2012-02-17,14,Class 9,B,A-,Islam,Pakistani,Bilal Sheikh,+923003109091,"House No. 250, Street 5, Johar Town",Lahore,Punjab,54000,98%,414,600,69,B,Pass,Unpaid,saad.sheikh79,2026-07-16T19:29:03.945Z,70,58,76,NULL,NULL,NULL,NULL,NULL,75,56,NULL,NULL,79,NULL,NULL
STD734052,ADM996508,28,Anum,Mughal,Female,2017-06-11,9,Class 4,C,O+,Islam,Pakistani,Haris Mughal,+923456199660,"House No. 313, Lane 1, Defense (DHA)",Karachi,Sindh,74200,80%,355,600,59.17,C,Pass,Paid,anum.mughal78,2026-07-16T19:29:03.941Z,52,52,52,NULL,69,59,NULL,NULL,NULL,NULL,NULL,NULL,71,NULL,NULL
STD516941,ADM073344,24,Ahmed,Ali,Male,2011-07-07,15,Class 9,C,O-,Islam,Pakistani,Usman Ali,+923017591030,"House No. 103, Street 2, North Nazimabad",Karachi,Sindh,74200,94%,356,600,59.33,C,Pass,Paid,ahmed.ali70,2026-07-16T19:29:03.945Z,59,45,79,NULL,NULL,NULL,NULL,NULL,53,56,NULL,NULL,64,NULL,NULL
STD320967,ADM976670,23,Laiba,Ahmed,Female,2017-11-03,9,Class 3,C,B-,Islam,Pakistani,Ahmed Ahmed,+923331640149,"House No. 375, Road 1, Defense (DHA)",Karachi,Sindh,74200,83%,216,500,43.2,D,Pass,Unpaid,laiba.ahmed84,2026-07-16T19:29:03.940Z,45,47,40,39,NULL,NULL,NULL,NULL,NULL,NULL,NULL,NULL,45,NULL,NULL
STD323296,ADM553575,12,Sidra,Siddiqui,Female,2010-01-22,16,Class 10,B,O-,Islam,Pakistani,Muhammad Siddiqui,+923452679263,"House No. 162, Street 10, Model Town",Lahore,Punjab,54000,79%,606,700,86.57,A+,Pass,Paid,sidra.siddiqui38,2026-07-16T19:29:03.945Z,95,89,80,NULL,NULL,NULL,NULL,NULL,84,86,NULL,NULL,83,NULL,89
STD338212,ADM504950,7,Amna,Qureshi,Female,2013-04-11,13,Class 8,A,AB-,Hinduism,Pakistani,Usman Qureshi,+923455225892,"House No. 357, Avenue 7, Model Town",Lahore,Punjab,54000,74%,285,700,40.71,F,Fail,Paid,amna.qureshi73,2026-07-16T19:29:03.944Z,38,30,43,NULL,42,NULL,45,41,NULL,NULL,NULL,NULL,NULL,46,NULL
STD314632,ADM115707,22,Talha,Qureshi,Male,2018-08-12,8,Class 3,C,O-,Islam,Pakistani,Mustafa Qureshi,+923026286070,"House No. 428, Avenue 13, Sector G-11",Islamabad,Islamabad Capital Territory,44000,88%,305,500,61,B,Pass,Paid,talha.qureshi65,2026-07-16T19:29:03.940Z,73,57,54,57,NULL,NULL,NULL,NULL,NULL,NULL,NULL,NULL,64,NULL,NULL
STD622252,ADM044745,11,Talha,Siddiqui,Male,2011-05-09,15,Class 9,B,O+,Hinduism,Pakistani,Fahad Siddiqui,+923459526035,"House No. 470, Street 11, Gulshan-e-Iqbal",Karachi,Sindh,74200,85%,376,600,62.67,B,Pass,Paid,talha.siddiqui67,2026-07-16T19:29:03.945Z,60,71,61,NULL,NULL,NULL,NULL,NULL,48,71,NULL,NULL,NULL,65,NULL
STD434180,ADM475105,23,Anum,Malik,Female,2018-10-10,8,Class 2,C,O+,Christianity,Pakistani,Talha Malik,+923127881499,"House No. 462, Street 15, Gulshan-e-Iqbal",Karachi,Sindh,74200,65%,444,500,88.8,A+,Pass,Paid,anum.malik81,2026-07-16T19:29:03.940Z,91,91,82,99,NULL,NULL,NULL,NULL,NULL,NULL,NULL,NULL,NULL,81,NULL
STD316741,ADM172053,20,Zainab,Khan,Female,2016-07-06,10,Class 5,B,AB+,Islam,Pakistani,Zain Khan,+923334609509,"House No. 300, Street 4, DHA Phase 5",Lahore,Punjab,54000,80%,373,600,62.17,B,Pass,Unpaid,zainab.khan51,2026-07-16T19:29:03.941Z,77,55,60,NULL,45,61,NULL,NULL,NULL,NULL,NULL,NULL,75,NULL,NULL
STD690780,ADM240843,20,Anum,Sheikh,Female,2016-05-28,10,Class 4,B,O+,Islam,Pakistani,Mustafa Sheikh,+923218762741,"House No. 421, Lane 12, PECHS",Karachi,Sindh,74200,13%,0,600,0,N/A,Absent,Paid,anum.sheikh37,2026-07-16T19:29:03.941Z,A,A,A,NULL,A,A,NULL,NULL,NULL,NULL,NULL,NULL,A,NULL,NULL
STD877734,ADM200003,20,Muhammad,Sheikh,Male,2014-04-08,12,Class 7,B,O+,Christianity,Pakistani,Haris Sheikh,+923008882491,"House No. 288, Street 14, Gulshan-e-Iqbal",Karachi,Sindh,74200,65%,410,700,58.57,C,Pass,Paid,muhammad.sheikh42,2026-07-16T19:29:03.944Z,61,70,47,NULL,62,NULL,52,65,NULL,NULL,NULL,NULL,NULL,53,NULL
STD769482,ADM168218,30,Ali,Shah,Male,2016-11-15,10,Class 4,C,B-,Islam,Pakistani,Talha Shah,+923013103954,"House No. 172, Avenue 6, Samanabad",Lahore,Punjab,54000,76%,230,600,38.33,F,Fail,Paid,ali.shah76,2026-07-16T19:29:03.941Z,34,31,45,NULL,48,35,NULL,NULL,NULL,NULL,NULL,NULL,37,NULL,NULL
STD161794,ADM798989,8,Sana,Shah,Female,2017-02-21,9,Class 3,A,O+,Christianity,Pakistani,Bilal Shah,+923218524344,"House No. 207, Street 15, Bani Gala",Islamabad,Islamabad Capital Territory,44000,93%,192,500,38.4,F,Fail,Paid,sana.shah14,2026-07-16T19:29:03.940Z,37,30,44,35,NULL,NULL,NULL,NULL,NULL,NULL,NULL,NULL,NULL,46,NULL
STD748286,ADM202865,29,Zain,Qureshi,Male,2015-11-26,11,Class 5,C,AB+,Islam,Pakistani,Hamza Qureshi,+923457897337,"House No. 432, Road 14, Bani Gala",Islamabad,Islamabad Capital Territory,44000,80%,258,600,43,D,Pass,Paid,zain.qureshi36,2026-07-16T19:29:03.942Z,46,43,43,NULL,43,46,NULL,NULL,NULL,NULL,NULL,NULL,37,NULL,NULL
STD262008,ADM916006,13,Saba,Sheikh,Female,2011-01-06,15,Class 9,B,A+,Islam,Pakistani,Talha Sheikh,+923335117147,"House No. 333, Road 1, Gulshan-e-Iqbal",Karachi,Sindh,74200,96%,218,600,36.33,F,Fail,Paid,saba.sheikh98,2026-07-16T19:29:03.945Z,31,40,36,NULL,NULL,NULL,NULL,NULL,42,34,NULL,NULL,35,NULL,NULL
STD041568,ADM215309,28,Fatima,Khan,Female,2020-03-09,6,Class 1,C,AB+,Islam,Pakistani,Arsalan Khan,+923017224679,"House No. 290, Street 4, Chaklala Scheme III",Rawalpindi,Punjab,46000,75%,297,500,59.4,C,Pass,Unpaid,fatima.khan87,2026-07-16T19:29:03.939Z,50,77,53,48,NULL,NULL,NULL,NULL,NULL,NULL,NULL,NULL,69,NULL,NULL
STD402814,ADM740346,2,Amna,Siddiqui,Female,2012-12-21,14,Class 8,A,AB+,Islam,Pakistani,Ahmed Siddiqui,+923211773693,"House No. 20, Lane 8, Gulshan-e-Iqbal",Karachi,Sindh,74200,69%,619,700,88.43,A+,Pass,Paid,amna.siddiqui24,2026-07-16T19:29:03.944Z,97,88,80,NULL,85,NULL,87,98,NULL,NULL,NULL,NULL,84,NULL,NULL
STD449060,ADM887221,11,Sana,Siddiqui,Female,2011-11-12,15,Class 10,B,B-,Islam,Pakistani,Ahmed Siddiqui,+923016896265,"House No. 369, Road 11, Bani Gala",Islamabad,Islamabad Capital Territory,44000,77%,393,700,56.14,C,Pass,Paid,sana.siddiqui97,2026-07-16T19:29:03.945Z,65,46,59,NULL,NULL,NULL,NULL,NULL,55,58,NULL,NULL,47,NULL,63
STD676480,ADM551380,11,Anum,Chaudhry,Female,2013-09-13,13,Class 8,B,A-,Islam,Pakistani,Bilal Chaudhry,+923332235557,"House No. 359, Lane 11, Sector G-11",Islamabad,Islamabad Capital Territory,44000,69%,453,700,64.71,B,Pass,Paid,anum.chaudhry65,2026-07-16T19:29:03.944Z,71,76,67,NULL,74,NULL,53,54,NULL,NULL,NULL,NULL,58,NULL,NULL
STD076295,ADM659979,14,Ayesha,Chaudhry,Female,2010-01-15,16,Class 10,B,B+,Islam,Pakistani,Arsalan Chaudhry,+923214452922,"House No. 275, Street 2, Bani Gala",Islamabad,Islamabad Capital Territory,44000,100%,266,700,38,D,Pass,Unpaid,ayesha.chaudhry20,2026-07-16T19:29:03.945Z,35,48,33,NULL,NULL,NULL,NULL,NULL,35,34,NULL,NULL,48,NULL,33
STD221050,ADM420383,23,Zainab,Qureshi,Female,2014-01-18,12,Class 7,C,A+,Islam,Pakistani,Ahmed Qureshi,+923016453923,"House No. 367, Street 5, DHA Phase 5",Lahore,Punjab,54000,96%,447,700,63.86,B,Pass,Paid,zainab.qureshi47,2026-07-16T19:29:03.944Z,56,76,63,NULL,56,NULL,76,48,NULL,NULL,NULL,NULL,72,NULL,NULL
STD379228,ADM891873,14,Haris,Ahmed,Male,2015-08-04,11,Class 5,B,B-,Islam,Pakistani,Abdullah Ahmed,+923016589266,"House No. 208, Street 9, Defense (DHA)",Karachi,Sindh,74200,91%,424,600,70.67,A,Pass,Paid,haris.ahmed11,2026-07-16T19:29:03.941Z,62,67,76,NULL,76,67,NULL,NULL,NULL,NULL,NULL,NULL,76,NULL,NULL
STD317744,ADM727198,17,Sidra,Sheikh,Female,2013-11-03,13,Class 8,B,AB+,Islam,Pakistani,Saad Sheikh,+923027904060,"House No. 214, Lane 1, Chaklala Scheme III",Rawalpindi,Punjab,46000,90%,399,700,57,C,Pass,Paid,sidra.sheikh33,2026-07-16T19:29:03.944Z,49,77,60,NULL,45,NULL,52,56,NULL,NULL,NULL,NULL,60,NULL,NULL
STD748286,ADM202865,29,Zain,Qureshi,Male,2015-11-26,11,Class 5,C,AB+,Islam,Pakistani,Hamza Qureshi,+923457897337,"House No. 432, Road 14, Bani Gala",Islamabad,Islamabad Capital Territory,44000,80%,258,600,43,D,Pass,Paid,zain.qureshi36,2026-07-16T19:29:03.942Z,46,43,43,NULL,43,46,NULL,NULL,NULL,NULL,NULL,NULL,37,NULL,NULL
STD878778,ADM143938,13,Ayesha,Ahmed,Female,2016-06-20,10,Class 5,B,A-,Islam,Pakistani,Ahmed Ahmed,+923015345912,"House No. 80, Road 6, Sector I-8",Islamabad,Islamabad Capital Territory,44000,85%,545,600,90.83,A+,Pass,Unpaid,ayesha.ahmed65,2026-07-16T19:29:03.941Z,88,93,81,NULL,100,94,NULL,NULL,NULL,NULL,NULL,NULL,89,NULL,NULL
STD567778,ADM487300,8,Saba,Mughal,Female,2019-11-26,7,Class 2,A,O-,Islam,Pakistani,Saad Mughal,+923335926686,"House No. 129, Road 13, Johar Town",Lahore,Punjab,54000,69%,322,500,64.4,B,Pass,Paid,saba.mughal75,2026-07-16T19:29:03.940Z,62,65,65,56,NULL,NULL,NULL,NULL,NULL,NULL,NULL,NULL,74,NULL,NULL
STD582276,ADM551507,2,Ayesha,Khan,Female,2014-04-06,12,Class 7,A,B-,Hinduism,Pakistani,Bilal Khan,+923336628468,"House No. 459, Lane 2, Gulshan-e-Iqbal",Karachi,Sindh,74200,87%,441,700,63,B,Pass,Unpaid,ayesha.khan99,2026-07-16T19:29:03.942Z,57,72,67,NULL,53,NULL,66,67,NULL,NULL,NULL,NULL,NULL,59,NULL
STD171753,ADM723657,17,Laiba,Malik,Female,2016-08-09,10,Class 4,B,B-,Islam,Pakistani,Ali Malik,+923458648951,"House No. 142, Street 3, Clifton",Karachi,Sindh,74200,81%,374,600,62.33,B,Pass,Paid,laiba.malik73,2026-07-16T19:29:03.941Z,76,47,53,NULL,73,64,NULL,NULL,NULL,NULL,NULL,NULL,61,NULL,NULL
STD795126,ADM638762,7,Mustafa,Ahmed,Male,2015-02-06,11,Class 6,A,B-,Islam,Pakistani,Saad Ahmed,+923456462361,"House No. 272, Road 10, Clifton",Karachi,Sindh,74200,99%,630,700,90,A+,Pass,Paid,mustafa.ahmed50,2026-07-16T19:29:03.942Z,99,98,83,NULL,88,NULL,90,84,NULL,NULL,NULL,NULL,88,NULL,NULL
STD158355,ADM271937,15,Amna,Shah,Female,2012-12-24,14,Class 8,B,A+,Hinduism,Pakistani,Fahad Shah,+923002744640,"House No. 256, Avenue 1, Gulshan-e-Iqbal",Karachi,Sindh,74200,75%,647,700,92.43,A+,Pass,Paid,amna.shah40,2026-07-16T19:29:03.944Z,89,96,94,NULL,95,NULL,93,80,NULL,NULL,NULL,NULL,NULL,100,NULL
STD808380,ADM078447,28,Sana,Malik,Female,2017-12-06,9,Class 3,C,B+,Hinduism,Pakistani,Muhammad Malik,+923022773713,"House No. 424, Road 9, Samanabad",Lahore,Punjab,54000,78%,309,500,61.8,B,Pass,Paid,sana.malik88,2026-07-16T19:29:03.941Z,73,74,47,57,NULL,NULL,NULL,NULL,NULL,NULL,NULL,NULL,NULL,58,NULL
STD360634,ADM152604,2,Zainab,Qureshi,Female,2019-06-06,7,Class 1,A,AB-,Islam,Pakistani,Talha Qureshi,+923014554952,"House No. 468, Avenue 5, Clifton",Karachi,Sindh,74200,18%,0,500,0,N/A,Absent,Paid,zainab.qureshi71,2026-07-16T19:29:03.938Z,A,A,A,A,NULL,NULL,NULL,NULL,NULL,NULL,NULL,NULL,A,NULL,NULL
STD933548,ADM621912,13,Laiba,Sheikh,Female,2012-02-04,14,Class 8,B,AB+,Islam,Pakistani,Arsalan Sheikh,+923339911633,"House No. 307, Avenue 3, Saddar",Rawalpindi,Punjab,46000,73%,617,700,88.14,A+,Pass,Unpaid,laiba.sheikh26,2026-07-16T19:29:03.944Z,88,81,92,NULL,84,NULL,87,96,NULL,NULL,NULL,NULL,89,NULL,NULL
STD534520,ADM225598,8,Haris,Chaudhry,Male,2014-06-03,12,Class 6,A,B-,Hinduism,Pakistani,Usman Chaudhry,+923218577928,"House No. 401, Avenue 6, Satellite Town",Rawalpindi,Punjab,46000,65%,428,700,61.14,B,Pass,Paid,haris.chaudhry34,2026-07-16T19:29:03.942Z,79,52,72,NULL,45,NULL,73,49,NULL,NULL,NULL,NULL,NULL,58,NULL
STD153452,ADM436924,26,Bilal,Ali,Male,2019-04-01,7,Class 1,C,AB+,Islam,Pakistani,Ahmed Ali,+923333338114,"House No. 200, Avenue 1, Samanabad",Lahore,Punjab,54000,96%,357,500,71.4,A,Pass,Paid,bilal.ali25,2026-07-16T19:29:03.939Z,79,67,71,78,NULL,NULL,NULL,NULL,NULL,NULL,NULL,NULL,62,NULL,NULL
STD980534,ADM264399,8,Iqra,Ali,Female,2011-02-19,15,Class 10,A,A+,Hinduism,Pakistani,Haris Ali,+923021805034,"House No. 157, Lane 7, Model Town",Lahore,Punjab,54000,88%,373,700,53.29,C,Pass,Paid,iqra.ali30,2026-07-16T19:29:03.945Z,46,59,48,NULL,NULL,NULL,NULL,NULL,69,55,NULL,NULL,NULL,46,50
STD790606,ADM060052,5,Hira,Mughal,Female,2019-06-03,7,Class 2,A,B+,Christianity,Pakistani,Zain Mughal,+923128207755,"House No. 90, Avenue 7, PECHS",Karachi,Sindh,74200,92%,276,500,55.2,C,Pass,Paid,hira.mughal87,2026-07-16T19:29:03.939Z,50,57,47,75,NULL,NULL,NULL,NULL,NULL,NULL,NULL,NULL,NULL,47,NULL
STD415515,ADM406267,17,Zain,Chaudhry,Male,2012-08-16,14,Class 9,B,B-,Hinduism,Pakistani,Mustafa Chaudhry,+923456093965,"House No. 105, Street 10, Chaklala Scheme III",Rawalpindi,Punjab,46000,91%,542,600,90.33,A+,Pass,Unpaid,zain.chaudhry85,2026-07-16T19:29:03.945Z,91,90,99,NULL,NULL,NULL,NULL,NULL,82,89,NULL,NULL,NULL,91,NULL
STD087223,ADM755594,7,Saad,Sheikh,Male,2019-03-01,7,Class 2,A,A+,Islam,Pakistani,Saad Sheikh,+923213396026,"House No. 474, Street 4, Sector F-10",Islamabad,Islamabad Capital Territory,44000,91%,321,500,64.2,B,Pass,Paid,saad.sheikh48,2026-07-16T19:29:03.940Z,51,65,74,74,NULL,NULL,NULL,NULL,NULL,NULL,NULL,NULL,57,NULL,NULL
STD551055,ADM967987,12,Ahmed,Ahmed,Male,2011-12-01,15,Class 9,B,O-,Hinduism,Pakistani,Abdullah Ahmed,+923028658208,"House No. 263, Street 7, Bahria Town",Rawalpindi,Punjab,46000,91%,350,600,58.33,C,Pass,Unpaid,ahmed.ahmed14,2026-07-16T19:29:03.945Z,54,50,67,NULL,NULL,NULL,NULL,NULL,73,54,NULL,NULL,NULL,52,NULL
STD582942,ADM102525,19,Fahad,Khan,Male,2020-07-24,6,Class 1,B,O-,Hinduism,Pakistani,Talha Khan,+923215630030,"House No. 107, Street 9, Chaklala Scheme III",Rawalpindi,Punjab,46000,98%,344,500,68.8,B,Pass,Unpaid,fahad.khan15,2026-07-16T19:29:03.939Z,56,73,76,64,NULL,NULL,NULL,NULL,NULL,NULL,NULL,NULL,NULL,75,NULL
STD613326,ADM752161,8,Mahnoor,Qureshi,Female,2012-03-21,14,Class 9,A,AB-,Islam,Pakistani,Ahmed Qureshi,+923122462282,"House No. 57, Avenue 14, Saddar",Rawalpindi,Punjab,46000,75%,415,600,69.17,B,Pass,Paid,mahnoor.qureshi61,2026-07-16T19:29:03.945Z,65,63,70,NULL,NULL,NULL,NULL,NULL,71,75,NULL,NULL,71,NULL,NULL
STD650236,ADM552846,3,Saba,Qureshi,Female,2020-01-11,6,Class 1,A,O+,Islam,Pakistani,Ahmed Qureshi,+923028984273,"House No. 435, Road 8, Defense (DHA)",Karachi,Sindh,74200,85%,198,500,39.6,F,Fail,Unpaid,saba.qureshi96,2026-07-16T19:29:03.938Z,31,30,48,41,NULL,NULL,NULL,NULL,NULL,NULL,NULL,NULL,48,NULL,NULL
STD476704,ADM563248,13,Hamza,Khan,Male,2011-01-04,15,Class 10,B,AB+,Islam,Pakistani,Ali Khan,+923336138295,"House No. 278, Avenue 3, DHA Phase 5",Lahore,Punjab,54000,92%,137,700,19.57,F,Fail,Paid,hamza.khan54,2026-07-16T19:29:03.945Z,16,26,20,NULL,NULL,NULL,NULL,NULL,14,22,NULL,NULL,18,NULL,21
STD657691,ADM664482,15,Mariam,Ali,Female,2018-07-06,8,Class 3,B,B-,Islam,Pakistani,Omar Ali,+923025059102,"House No. 204, Road 8, Gulshan-e-Iqbal",Karachi,Sindh,74200,73%,470,500,94,A+,Pass,Unpaid,mariam.ali86,2026-07-16T19:29:03.940Z,91,99,98,91,NULL,NULL,NULL,NULL,NULL,NULL,NULL,NULL,91,NULL,NULL
STD118317,ADM147540,3,Mahnoor,Malik,Female,2012-12-06,14,Class 8,A,O+,Christianity,Pakistani,Abdullah Malik,+923122321376,"House No. 159, Lane 11, Gulberg",Lahore,Punjab,54000,75%,424,700,60.57,B,Pass,Paid,mahnoor.malik21,2026-07-16T19:29:03.944Z,50,58,60,NULL,79,NULL,45,56,NULL,NULL,NULL,NULL,NULL,76,NULL
STD523910,ADM216575,6,Sara,Ahmed,Female,2011-04-04,15,Class 9,A,B-,Islam,Pakistani,Fahad Ahmed,+923021451289,"House No. 4, Avenue 4, Satellite Town",Rawalpindi,Punjab,46000,90%,393,600,65.5,B,Pass,Paid,sara.ahmed82,2026-07-16T19:29:03.945Z,59,77,66,NULL,NULL,NULL,NULL,NULL,62,52,NULL,NULL,77,NULL,NULL
STD640909,ADM798120,24,Mustafa,Qureshi,Male,2018-11-21,8,Class 3,C,A+,Christianity,Pakistani,Talha Qureshi,+923332631245,"House No. 331, Road 10, PECHS",Karachi,Sindh,74200,86%,322,500,64.4,B,Pass,Unpaid,mustafa.qureshi50,2026-07-16T19:29:03.940Z,61,61,51,74,NULL,NULL,NULL,NULL,NULL,NULL,NULL,NULL,NULL,75,NULL
STD025689,ADM961344,20,Amna,Ali,Female,2011-02-07,15,Class 10,B,A+,Islam,Pakistani,Omar Ali,+923005855256,"House No. 18, Street 3, Chaklala Scheme III",Rawalpindi,Punjab,46000,74%,618,700,88.29,A+,Pass,Unpaid,amna.ali15,2026-07-16T19:29:03.945Z,100,81,81,NULL,NULL,NULL,NULL,NULL,90,87,NULL,NULL,95,NULL,84
STD379738,ADM350543,2,Saad,Shah,Male,2016-02-07,10,Class 5,A,O+,Islam,Pakistani,Fahad Shah,+923126585475,"House No. 140, Lane 6, Bani Gala",Islamabad,Islamabad Capital Territory,44000,89%,544,600,90.67,A+,Pass,Paid,saad.shah33,2026-07-16T19:29:03.941Z,91,100,81,NULL,98,90,NULL,NULL,NULL,NULL,NULL,NULL,84,NULL,NULL
STD798144,ADM791023,22,Mariam,Siddiqui,Female,2019-03-25,7,Class 2,C,A+,Islam,Pakistani,Ali Siddiqui,+923212018651,"House No. 264, Lane 15, Gulshan-e-Iqbal",Karachi,Sindh,74200,79%,424,500,84.8,A+,Pass,Paid,mariam.siddiqui83,2026-07-16T19:29:03.940Z,84,83,90,85,NULL,NULL,NULL,NULL,NULL,NULL,NULL,NULL,82,NULL,NULL
STD114715,ADM032053,18,Ahmed,Chaudhry,Male,2019-07-01,7,Class 2,B,B+,Hinduism,Pakistani,Ahmed Chaudhry,+923216120535,"House No. 369, Street 4, PECHS",Karachi,Sindh,74200,82%,308,500,61.6,B,Pass,Unpaid,ahmed.chaudhry89,2026-07-16T19:29:03.940Z,55,52,60,78,NULL,NULL,NULL,NULL,NULL,NULL,NULL,NULL,NULL,63,NULL
STD166314,ADM028319,16,Arsalan,Mughal,Male,2011-03-15,15,Class 9,B,B-,Christianity,Pakistani,Omar Mughal,+923002796546,"House No. 346, Lane 9, Johar Town",Lahore,Punjab,54000,93%,340,600,56.67,C,Pass,Paid,arsalan.mughal39,2026-07-16T19:29:03.945Z,64,60,45,NULL,NULL,NULL,NULL,NULL,71,46,NULL,NULL,NULL,54,NULL
STD685579,ADM885155,9,Fahad,Siddiqui,Male,2018-05-27,8,Class 3,A,AB-,Islam,Pakistani,Saad Siddiqui,+923331507070,"House No. 183, Street 9, Model Town",Lahore,Punjab,54000,75%,448,500,89.6,A+,Pass,Unpaid,fahad.siddiqui34,2026-07-16T19:29:03.940Z,87,81,96,98,NULL,NULL,NULL,NULL,NULL,NULL,NULL,NULL,86,NULL,NULL
STD010418,ADM029787,16,Mahnoor,Qureshi,Female,2014-03-20,12,Class 7,B,AB-,Islam,Pakistani,Zain Qureshi,+923029432090,"House No. 414, Lane 3, Bani Gala",Islamabad,Islamabad Capital Territory,44000,77%,431,700,61.57,B,Pass,Paid,mahnoor.qureshi23,2026-07-16T19:29:03.942Z,56,59,56,NULL,69,NULL,73,55,NULL,NULL,NULL,NULL,63,NULL,NULL
STD310438,ADM271430,15,Talha,Abbasi,Male,2019-09-12,7,Class 2,B,O-,Islam,Pakistani,Muhammad Abbasi,+923123560699,"House No. 214, Street 12, DHA Phase 5",Lahore,Punjab,54000,25%,0,500,0,N/A,Absent,Paid,talha.abbasi62,2026-07-16T19:29:03.940Z,A,A,A,A,NULL,NULL,NULL,NULL,NULL,NULL,NULL,NULL,A,NULL,NULL
STD565430,ADM674119,20,Hira,Shah,Female,2020-04-07,6,Class 1,B,B+,Hinduism,Pakistani,Hamza Shah,+923122132153,"House No. 462, Avenue 7, Samanabad",Lahore,Punjab,54000,77%,290,500,58,C,Pass,Paid,hira.shah92,2026-07-16T19:29:03.939Z,46,50,48,71,NULL,NULL,NULL,NULL,NULL,NULL,NULL,NULL,NULL,75,NULL
STD621657,ADM568474,18,Saad,Ali,Male,2019-05-14,7,Class 1,B,AB+,Hinduism,Pakistani,Abdullah Ali,+923127842837,"House No. 264, Lane 10, DHA Phase 5",Lahore,Punjab,54000,89%,314,500,62.8,B,Pass,Paid,saad.ali92,2026-07-16T19:29:03.939Z,49,64,68,72,NULL,NULL,NULL,NULL,NULL,NULL,NULL,NULL,NULL,61,NULL
STD655980,ADM887481,27,Ahmed,Shah,Male,2013-02-09,13,Class 8,C,B+,Islam,Pakistani,Ali Shah,+923128448448,"House No. 103, Avenue 13, Satellite Town",Rawalpindi,Punjab,46000,70%,457,700,65.29,B,Pass,Paid,ahmed.shah36,2026-07-16T19:29:03.944Z,77,59,73,NULL,64,NULL,62,62,NULL,NULL,NULL,NULL,60,NULL,NULL
STD632779,ADM767060,19,Muhammad,Ahmed,Male,2014-09-09,12,Class 6,B,AB+,Islam,Pakistani,Muhammad Ahmed,+923215421689,"House No. 246, Lane 13, Gulshan-e-Iqbal",Karachi,Sindh,74200,74%,418,700,59.71,C,Pass,Paid,muhammad.ahmed94,2026-07-16T19:29:03.942Z,64,45,65,NULL,48,NULL,61,74,NULL,NULL,NULL,NULL,61,NULL,NULL
STD648667,ADM241163,27,Zain,Chaudhry,Male,2014-05-11,12,Class 7,C,AB+,Hinduism,Pakistani,Zain Chaudhry,+923218259166,"House No. 137, Road 11, Johar Town",Lahore,Punjab,54000,85%,641,700,91.57,A+,Pass,Unpaid,zain.chaudhry58,2026-07-16T19:29:03.944Z,96,80,89,NULL,86,NULL,99,100,NULL,NULL,NULL,NULL,NULL,91,NULL
STD689393,ADM403740,24,Mahnoor,Siddiqui,Female,2010-03-12,16,Class 10,C,AB+,Christianity,Pakistani,Muhammad Siddiqui,+923125051900,"House No. 133, Street 11, North Nazimabad",Karachi,Sindh,74200,68%,429,700,61.29,B,Pass,Unpaid,mahnoor.siddiqui53,2026-07-16T19:29:03.945Z,76,55,67,NULL,NULL,NULL,NULL,NULL,49,56,NULL,NULL,NULL,49,77
STD273270,ADM948575,25,Talha,Khan,Male,2012-07-13,14,Class 9,C,AB+,Christianity,Pakistani,Omar Khan,+923218660208,"House No. 16, Avenue 3, Gulberg",Lahore,Punjab,54000,72%,383,600,63.83,B,Pass,Paid,talha.khan56,2026-07-16T19:29:03.945Z,60,68,61,NULL,NULL,NULL,NULL,NULL,79,66,NULL,NULL,NULL,49,NULL
STD412509,ADM762311,5,Ali,Khan,Male,2015-12-18,11,Class 6,A,O+,Islam,Pakistani,Haris Khan,+923028700579,"House No. 295, Road 3, Chaklala Scheme III",Rawalpindi,Punjab,46000,96%,453,700,64.71,B,Pass,Paid,ali.khan30,2026-07-16T19:29:03.942Z,68,76,46,NULL,72,NULL,74,65,NULL,NULL,NULL,NULL,52,NULL,NULL
STD062559,ADM296250,30,Muhammad,Khan,Male,2010-01-19,16,Class 10,C,A-,Hinduism,Pakistani,Fahad Khan,+923216735323,"House No. 339, Road 9, Chaklala Scheme III",Rawalpindi,Punjab,46000,78%,152,700,21.71,F,Fail,Paid,muhammad.khan61,2026-07-16T19:29:03.945Z,30,19,25,NULL,NULL,NULL,NULL,NULL,29,20,NULL,NULL,NULL,17,12
STD979718,ADM369068,1,Iqra,Mughal,Female,2018-09-24,8,Class 3,A,O-,Islam,Pakistani,Arsalan Mughal,+923018824981,"House No. 410, Road 12, DHA Phase 5",Lahore,Punjab,54000,97%,301,500,60.2,B,Pass,Paid,iqra.mughal19,2026-07-16T19:29:03.940Z,51,79,50,46,NULL,NULL,NULL,NULL,NULL,NULL,NULL,NULL,75,NULL,NULL
STD357655,ADM712930,15,Omar,Siddiqui,Male,2016-09-25,10,Class 4,B,O-,Islam,Pakistani,Hamza Siddiqui,+923027146843,"House No. 499, Street 2, Model Town",Lahore,Punjab,54000,71%,200,600,33.33,F,Fail,Paid,omar.siddiqui73,2026-07-16T19:29:03.941Z,39,31,32,NULL,31,32,NULL,NULL,NULL,NULL,NULL,NULL,35,NULL,NULL
STD403270,ADM958394,21,Hira,Mughal,Female,2018-08-12,8,Class 2,C,B+,Islam,Pakistani,Saad Mughal,+923453154022,"House No. 435, Street 2, Samanabad",Lahore,Punjab,54000,91%,434,500,86.8,A+,Pass,Paid,hira.mughal10,2026-07-16T19:29:03.940Z,81,88,100,80,NULL,NULL,NULL,NULL,NULL,NULL,NULL,NULL,85,NULL,NULL
STD430478,ADM772272,9,Fatima,Khan,Female,2014-03-19,12,Class 6,A,AB+,Islam,Pakistani,Fahad Khan,+923006479292,"House No. 59, Lane 1, Model Town",Lahore,Punjab,54000,97%,427,700,61,B,Pass,Paid,fatima.khan75,2026-07-16T19:29:03.942Z,72,79,62,NULL,53,NULL,48,52,NULL,NULL,NULL,NULL,61,NULL,NULL
STD918931,ADM744411,13,Mustafa,Abbasi,Male,2015-02-28,11,Class 6,B,B+,Christianity,Pakistani,Hamza Abbasi,+923457146008,"House No. 493, Street 14, Samanabad",Lahore,Punjab,54000,89%,460,700,65.71,B,Pass,Paid,mustafa.abbasi51,2026-07-16T19:29:03.942Z,61,52,75,NULL,67,NULL,77,58,NULL,NULL,NULL,NULL,NULL,70,NULL
STD678285,ADM256252,6,Mustafa,Mughal,Male,2014-12-04,12,Class 6,A,AB+,Hinduism,Pakistani,Saad Mughal,+923125010695,"House No. 289, Avenue 15, Clifton",Karachi,Sindh,74200,76%,446,700,63.71,B,Pass,Paid,mustafa.mughal70,2026-07-16T19:29:03.942Z,78,67,49,NULL,67,NULL,56,65,NULL,NULL,NULL,NULL,NULL,64,NULL
STD452205,ADM343718,11,Hamza,Mughal,Male,2018-09-01,8,Class 2,B,B+,Islam,Pakistani,Fahad Mughal,+923334376727,"House No. 453, Road 14, Satellite Town",Rawalpindi,Punjab,46000,88%,306,500,61.2,B,Pass,Paid,hamza.mughal70,2026-07-16T19:29:03.940Z,76,54,58,66,NULL,NULL,NULL,NULL,NULL,NULL,NULL,NULL,52,NULL,NULL
STD181070,ADM762880,14,Ayesha,Mughal,Female,2013-05-06,13,Class 8,B,A+,Islam,Pakistani,Zain Mughal,+923006254850,"House No. 362, Avenue 12, Samanabad",Lahore,Punjab,54000,82%,131,700,18.71,F,Fail,Unpaid,ayesha.mughal35,2026-07-16T19:29:03.944Z,18,23,21,NULL,23,NULL,12,21,NULL,NULL,NULL,NULL,13,NULL,NULL
STD816731,ADM870045,26,Anum,Shah,Female,2016-01-12,10,Class 4,C,AB+,Islam,Pakistani,Ali Shah,+923335993987,"House No. 257, Road 3, Gulshan-e-Iqbal",Karachi,Sindh,74200,65%,368,600,61.33,B,Pass,Paid,anum.shah40,2026-07-16T19:29:03.941Z,60,57,77,NULL,49,77,NULL,NULL,NULL,NULL,NULL,NULL,48,NULL,NULL
STD194228,ADM170061,22,Abdullah,Ali,Male,2019-12-06,7,Class 1,C,A+,Hinduism,Pakistani,Talha Ali,+923331217343,"House No. 65, Lane 1, Model Town",Lahore,Punjab,54000,66%,474,500,94.8,A+,Pass,Paid,abdullah.ali66,2026-07-16T19:29:03.939Z,95,96,99,93,NULL,NULL,NULL,NULL,NULL,NULL,NULL,NULL,NULL,91,NULL
STD022601,ADM876248,25,Ayesha,Siddiqui,Female,2012-08-23,14,Class 8,C,O-,Islam,Pakistani,Zain Siddiqui,+923451292892,"House No. 180, Lane 8, North Nazimabad",Karachi,Sindh,74200,84%,458,700,65.43,B,Pass,Paid,ayesha.siddiqui59,2026-07-16T19:29:03.944Z,54,79,52,NULL,64,NULL,67,79,NULL,NULL,NULL,NULL,63,NULL,NULL
STD661913,ADM974680,19,Zainab,Ahmed,Female,2013-08-24,13,Class 7,B,AB+,Hinduism,Pakistani,Saad Ahmed,+923335578745,"House No. 282, Road 10, Sector F-10",Islamabad,Islamabad Capital Territory,44000,68%,451,700,64.43,B,Pass,Paid,zainab.ahmed75,2026-07-16T19:29:03.942Z,79,70,71,NULL,46,NULL,64,48,NULL,NULL,NULL,NULL,NULL,73,NULL
STD837794,ADM929603,7,Omar,Sheikh,Male,2012-09-20,14,Class 9,A,B+,Christianity,Pakistani,Bilal Sheikh,+923212956613,"House No. 431, Street 9, Defense (DHA)",Karachi,Sindh,74200,92%,379,600,63.17,B,Pass,Paid,omar.sheikh13,2026-07-16T19:29:03.945Z,65,48,63,NULL,NULL,NULL,NULL,NULL,75,51,NULL,NULL,NULL,77,NULL
STD890206,ADM092293,10,Hira,Abbasi,Female,2016-05-16,10,Class 4,A,B-,Hinduism,Pakistani,Arsalan Abbasi,+923019843245,"House No. 111, Street 1, DHA Phase 5",Lahore,Punjab,54000,93%,554,600,92.33,A+,Pass,Paid,hira.abbasi88,2026-07-16T19:29:03.941Z,84,100,95,NULL,91,88,NULL,NULL,NULL,NULL,NULL,NULL,NULL,96,NULL
STD695897,ADM123764,1,Saad,Siddiqui,Male,2013-04-05,13,Class 8,A,AB-,Islam,Pakistani,Haris Siddiqui,+923121916766,"House No. 165, Avenue 4, Sector I-8",Islamabad,Islamabad Capital Territory,44000,68%,645,700,92.14,A+,Pass,Paid,saad.siddiqui94,2026-07-16T19:29:03.944Z,84,97,90,NULL,83,NULL,94,97,NULL,NULL,NULL,NULL,100,NULL,NULL
STD327034,ADM652639,18,Zain,Shah,Male,2018-11-19,8,Class 3,B,AB-,Hinduism,Pakistani,Fahad Shah,+923004793676,"House No. 127, Avenue 8, Clifton",Karachi,Sindh,74200,97%,290,500,58,C,Pass,Unpaid,zain.shah67,2026-07-16T19:29:03.940Z,60,49,57,74,NULL,NULL,NULL,NULL,NULL,NULL,NULL,NULL,NULL,50,NULL
STD057756,ADM275324,12,Fatima,Chaudhry,Female,2018-08-18,8,Class 3,B,B-,Islam,Pakistani,Usman Chaudhry,+923126735763,"House No. 81, Avenue 3, North Nazimabad",Karachi,Sindh,74200,65%,284,500,56.8,C,Pass,Unpaid,fatima.chaudhry13,2026-07-16T19:29:03.940Z,55,57,53,73,NULL,NULL,NULL,NULL,NULL,NULL,NULL,NULL,46,NULL,NULL
STD992278,ADM770800,30,Iqra,Siddiqui,Female,2018-04-09,8,Class 2,C,O+,Christianity,Pakistani,Muhammad Siddiqui,+923211012288,"House No. 212, Street 12, Sector I-8",Islamabad,Islamabad Capital Territory,44000,69%,204,500,40.8,D,Pass,Paid,iqra.siddiqui51,2026-07-16T19:29:03.940Z,46,37,37,41,NULL,NULL,NULL,NULL,NULL,NULL,NULL,NULL,NULL,43,NULL
STD264719,ADM516021,18,Bilal,Mughal,Male,2016-02-16,10,Class 5,B,B-,Islam,Pakistani,Bilal Mughal,+923023631438,"House No. 224, Avenue 11, Satellite Town",Rawalpindi,Punjab,46000,81%,391,600,65.17,B,Pass,Unpaid,bilal.mughal87,2026-07-16T19:29:03.941Z,71,70,71,NULL,71,48,NULL,NULL,NULL,NULL,NULL,NULL,60,NULL,NULL
STD902248,ADM287006,18,Mahnoor,Qureshi,Female,2012-10-09,14,Class 9,B,B-,Islam,Pakistani,Haris Qureshi,+923334415619,"House No. 61, Road 7, Gulshan-e-Iqbal",Karachi,Sindh,74200,75%,560,600,93.33,A+,Pass,Paid,mahnoor.qureshi94,2026-07-16T19:29:03.945Z,86,98,97,NULL,NULL,NULL,NULL,NULL,98,92,NULL,NULL,89,NULL,NULL
STD385351,ADM490375,11,Saad,Mughal,Male,2016-04-26,10,Class 4,B,AB+,Christianity,Pakistani,Saad Mughal,+923003801842,"House No. 359, Lane 8, Sector F-10",Islamabad,Islamabad Capital Territory,44000,78%,385,600,64.17,B,Pass,Paid,saad.mughal17,2026-07-16T19:29:03.941Z,62,57,53,NULL,65,71,NULL,NULL,NULL,NULL,NULL,NULL,NULL,77,NULL
STD809540,ADM395216,28,Usman,Shah,Male,2013-11-14,13,Class 7,C,B+,Islam,Pakistani,Usman Shah,+923028305477,"House No. 198, Lane 8, DHA Phase 5",Lahore,Punjab,54000,74%,626,700,89.43,A+,Pass,Paid,usman.shah16,2026-07-16T19:29:03.944Z,95,93,81,NULL,96,NULL,88,85,NULL,NULL,NULL,NULL,88,NULL,NULL
STD328435,ADM163428,22,Mariam,Siddiqui,Female,2012-10-12,14,Class 8,C,A-,Islam,Pakistani,Fahad Siddiqui,+923126086279,"House No. 199, Road 8, Sector I-8",Islamabad,Islamabad Capital Territory,44000,66%,436,700,62.29,B,Pass,Unpaid,mariam.siddiqui54,2026-07-16T19:29:03.944Z,49,68,62,NULL,59,NULL,79,57,NULL,NULL,NULL,NULL,62,NULL,NULL
STD431321,ADM597132,26,Sara,Sheikh,Female,2013-07-25,13,Class 8,C,AB-,Christianity,Pakistani,Zain Sheikh,+923334927628,"House No. 485, Street 2, Chaklala Scheme III",Rawalpindi,Punjab,46000,73%,276,700,39.43,F,Fail,Paid,sara.sheikh88,2026-07-16T19:29:03.944Z,46,33,45,NULL,38,NULL,48,34,NULL,NULL,NULL,NULL,NULL,32,NULL
STD467651,ADM710970,23,Hira,Ahmed,Female,2019-08-03,7,Class 1,C,AB-,Hinduism,Pakistani,Ahmed Ahmed,+923126076965,"House No. 229, Avenue 3, PECHS",Karachi,Sindh,74200,75%,201,500,40.2,F,Fail,Paid,hira.ahmed29,2026-07-16T19:29:03.939Z,31,33,48,41,NULL,NULL,NULL,NULL,NULL,NULL,NULL,NULL,NULL,48,NULL
STD540080,ADM282809,16,Talha,Chaudhry,Male,2016-06-15,10,Class 4,B,O-,Christianity,Pakistani,Arsalan Chaudhry,+923126178330,"House No. 325, Lane 5, PECHS",Karachi,Sindh,74200,72%,342,600,57,C,Pass,Paid,talha.chaudhry77,2026-07-16T19:29:03.941Z,52,65,51,NULL,48,62,NULL,NULL,NULL,NULL,NULL,NULL,NULL,64,NULL
STD108037,ADM350322,3,Fahad,Butt,Male,2010-12-16,16,Class 10,A,A-,Christianity,Pakistani,Saad Butt,+923457352247,"House No. 278, Lane 9, Bani Gala",Islamabad,Islamabad Capital Territory,44000,75%,422,700,60.29,B,Pass,Paid,fahad.butt62,2026-07-16T19:29:03.945Z,55,58,75,NULL,NULL,NULL,NULL,NULL,45,58,NULL,NULL,NULL,68,63
STD943331,ADM371875,1,Haris,Abbasi,Male,2015-01-07,11,Class 5,A,O+,Islam,Pakistani,Haris Abbasi,+923006053841,"House No. 388, Road 8, Johar Town",Lahore,Punjab,54000,81%,378,600,63,B,Pass,Paid,haris.abbasi28,2026-07-16T19:29:03.941Z,70,63,53,NULL,69,66,NULL,NULL,NULL,NULL,NULL,NULL,57,NULL,NULL
STD133436,ADM997941,9,Sidra,Sheikh,Female,2013-10-24,13,Class 7,A,B-,Christianity,Pakistani,Ali Sheikh,+923458234995,"House No. 477, Avenue 13, Samanabad",Lahore,Punjab,54000,85%,418,700,59.71,C,Pass,Paid,sidra.sheikh89,2026-07-16T19:29:03.942Z,53,72,59,NULL,55,NULL,73,53,NULL,NULL,NULL,NULL,NULL,53,NULL
STD541575,ADM512689,29,Sara,Butt,Female,2015-01-26,11,Class 6,C,AB+,Islam,Pakistani,Talha Butt,+923459750248,"House No. 125, Street 2, Bahria Town",Rawalpindi,Punjab,46000,82%,436,700,62.29,B,Pass,Paid,sara.butt65,2026-07-16T19:29:03.942Z,55,48,60,NULL,70,NULL,67,70,NULL,NULL,NULL,NULL,66,NULL,NULL
STD887954,ADM951083,4,Ali,Chaudhry,Male,2017-12-14,9,Class 3,A,AB+,Christianity,Pakistani,Muhammad Chaudhry,+923331800718,"House No. 117, Lane 2, Clifton",Karachi,Sindh,74200,72%,434,500,86.8,A+,Pass,Paid,ali.chaudhry47,2026-07-16T19:29:03.940Z,91,85,93,81,NULL,NULL,NULL,NULL,NULL,NULL,NULL,NULL,NULL,84,NULL
STD108324,ADM212019,26,Usman,Butt,Male,2018-08-09,8,Class 3,C,AB+,Islam,Pakistani,Arsalan Butt,+923452791294,"House No. 177, Avenue 6, Sector F-10",Islamabad,Islamabad Capital Territory,44000,88%,209,500,41.8,D,Pass,Paid,usman.butt44,2026-07-16T19:29:03.940Z,43,37,43,38,NULL,NULL,NULL,NULL,NULL,NULL,NULL,NULL,48,NULL,NULL
STD140268,ADM025158,10,Arsalan,Khan,Male,2018-03-01,8,Class 3,A,AB-,Islam,Pakistani,Talha Khan,+923337343993,"House No. 495, Road 5, Bani Gala",Islamabad,Islamabad Capital Territory,44000,84%,275,500,55,C,Pass,Paid,arsalan.khan36,2026-07-16T19:29:03.940Z,46,65,47,52,NULL,NULL,NULL,NULL,NULL,NULL,NULL,NULL,65,NULL,NULL
STD653384,ADM206447,19,Zainab,Ahmed,Female,2018-07-03,8,Class 3,B,O+,Hinduism,Pakistani,Omar Ahmed,+923006264428,"House No. 408, Street 3, Satellite Town",Rawalpindi,Punjab,46000,95%,472,500,94.4,A+,Pass,Paid,zainab.ahmed76,2026-07-16T19:29:03.940Z,97,89,97,90,NULL,NULL,NULL,NULL,NULL,NULL,NULL,NULL,NULL,99,NULL
STD951867,ADM618431,6,Khadija,Siddiqui,Female,2016-01-07,10,Class 4,A,A+,Islam,Pakistani,Hamza Siddiqui,+923456813495,"House No. 44, Avenue 3, Defense (DHA)",Karachi,Sindh,74200,95%,537,600,89.5,A+,Pass,Paid,khadija.siddiqui81,2026-07-16T19:29:03.941Z,84,86,98,NULL,95,82,NULL,NULL,NULL,NULL,NULL,NULL,92,NULL,NULL
STD151497,ADM331254,30,Sana,Mughal,Female,2012-07-22,14,Class 8,C,O-,Hinduism,Pakistani,Haris Mughal,+923029537172,"House No. 133, Road 11, Johar Town",Lahore,Punjab,54000,78%,443,700,63.29,B,Pass,Paid,sana.mughal54,2026-07-16T19:29:03.945Z,74,69,60,NULL,69,NULL,63,51,NULL,NULL,NULL,NULL,NULL,57,NULL
STD676945,ADM153373,25,Ayesha,Ali,Female,2015-11-10,11,Class 5,C,AB+,Islam,Pakistani,Muhammad Ali,+923013751147,"House No. 435, Avenue 14, Johar Town",Lahore,Punjab,54000,70%,369,600,61.5,B,Pass,Paid,ayesha.ali89,2026-07-16T19:29:03.941Z,55,52,70,NULL,60,66,NULL,NULL,NULL,NULL,NULL,NULL,66,NULL,NULL
STD166996,ADM125333,23,Mustafa,Butt,Male,2013-08-03,13,Class 8,C,B-,Islam,Pakistani,Ali Butt,+923022303892,"House No. 148, Street 5, Gulshan-e-Iqbal",Karachi,Sindh,74200,97%,647,700,92.43,A+,Pass,Paid,mustafa.butt44,2026-07-16T19:29:03.944Z,88,87,94,NULL,98,NULL,91,92,NULL,NULL,NULL,NULL,97,NULL,NULL
STD943802,ADM199723,30,Ali,Malik,Male,2017-05-08,9,Class 3,C,B+,Hinduism,Pakistani,Hamza Malik,+923006659961,"House No. 449, Avenue 13, DHA Phase 5",Lahore,Punjab,54000,86%,188,500,37.6,D,Pass,Paid,ali.malik10,2026-07-16T19:29:03.941Z,40,38,39,35,NULL,NULL,NULL,NULL,NULL,NULL,NULL,NULL,NULL,36,NULL
STD449003,ADM938543,5,Laiba,Butt,Female,2010-02-12,16,Class 10,A,B+,Islam,Pakistani,Talha Butt,+923338889835,"House No. 387, Avenue 5, DHA Phase 5",Lahore,Punjab,54000,71%,408,700,58.29,C,Pass,Paid,laiba.butt57,2026-07-16T19:29:03.945Z,56,46,71,NULL,NULL,NULL,NULL,NULL,51,47,NULL,NULL,75,NULL,62
STD124643,ADM009237,2,Usman,Ahmed,Male,2017-10-21,9,Class 3,A,AB-,Islam,Pakistani,Haris Ahmed,+923008372843,"House No. 348, Lane 12, Defense (DHA)",Karachi,Sindh,74200,94%,453,500,90.6,A+,Pass,Paid,usman.ahmed90,2026-07-16T19:29:03.940Z,100,89,92,89,NULL,NULL,NULL,NULL,NULL,NULL,NULL,NULL,83,NULL,NULL
STD058741,ADM204219,29,Zainab,Mughal,Female,2011-11-17,15,Class 9,C,O-,Islam,Pakistani,Hamza Mughal,+923214851787,"House No. 428, Street 2, Sector F-10",Islamabad,Islamabad Capital Territory,44000,73%,531,600,88.5,A+,Pass,Unpaid,zainab.mughal68,2026-07-16T19:29:03.945Z,84,85,89,NULL,NULL,NULL,NULL,NULL,91,95,NULL,NULL,87,NULL,NULL
STD874336,ADM658404,11,Zainab,Qureshi,Female,2014-11-08,12,Class 6,B,B-,Islam,Pakistani,Mustafa Qureshi,+923011235840,"House No. 49, Road 2, Bahria Town",Rawalpindi,Punjab,46000,79%,651,700,93,A+,Pass,Paid,zainab.qureshi82,2026-07-16T19:29:03.942Z,99,92,85,NULL,96,NULL,100,84,NULL,NULL,NULL,NULL,95,NULL,NULL
STD311252,ADM239465,22,Bilal,Ahmed,Male,2014-01-07,12,Class 7,C,B+,Islam,Pakistani,Ahmed Ahmed,+923219830352,"House No. 115, Lane 14, Sector F-10",Islamabad,Islamabad Capital Territory,44000,71%,443,700,63.29,B,Pass,Paid,bilal.ahmed74,2026-07-16T19:29:03.944Z,58,63,66,NULL,66,NULL,69,51,NULL,NULL,NULL,NULL,70,NULL,NULL
STD980247,ADM813567,14,Laiba,Qureshi,Female,2015-10-04,11,Class 6,B,O+,Islam,Pakistani,Ali Qureshi,+923339345366,"House No. 32, Street 7, Bani Gala",Islamabad,Islamabad Capital Territory,44000,98%,637,700,91,A+,Pass,Paid,laiba.qureshi39,2026-07-16T19:29:03.942Z,84,94,91,NULL,100,NULL,92,91,NULL,NULL,NULL,NULL,85,NULL,NULL
STD204936,ADM922975,8,Mustafa,Malik,Male,2014-12-25,12,Class 7,A,B+,Islam,Pakistani,Abdullah Malik,+923333893898,"House No. 315, Street 2, Model Town",Lahore,Punjab,54000,90%,453,700,64.71,B,Pass,Paid,mustafa.malik19,2026-07-16T19:29:03.942Z,49,61,78,NULL,71,NULL,64,58,NULL,NULL,NULL,NULL,72,NULL,NULL
STD353239,ADM762858,12,Laiba,Shah,Female,2016-12-12,10,Class 5,B,A-,Islam,Pakistani,Mustafa Shah,+923026953431,"House No. 310, Avenue 14, Model Town",Lahore,Punjab,54000,93%,541,600,90.17,A+,Pass,Paid,laiba.shah85,2026-07-16T19:29:03.941Z,83,86,84,NULL,98,90,NULL,NULL,NULL,NULL,NULL,NULL,100,NULL,NULL
STD311558,ADM757853,19,Ali,Chaudhry,Male,2012-11-21,14,Class 8,B,B-,Islam,Pakistani,Usman Chaudhry,+923022406110,"House No. 349, Avenue 2, Clifton",Karachi,Sindh,74200,95%,401,700,57.29,C,Pass,Paid,ali.chaudhry63,2026-07-16T19:29:03.944Z,69,78,60,NULL,46,NULL,47,54,NULL,NULL,NULL,NULL,47,NULL,NULL
STD038362,ADM516410,1,Khadija,Sheikh,Female,2014-06-17,12,Class 7,A,B+,Islam,Pakistani,Mustafa Sheikh,+923332173527,"House No. 96, Avenue 3, Chaklala Scheme III",Rawalpindi,Punjab,46000,90%,490,700,70,A,Pass,Unpaid,khadija.sheikh39,2026-07-16T19:29:03.942Z,59,78,73,NULL,72,NULL,60,75,NULL,NULL,NULL,NULL,73,NULL,NULL
STD033268,ADM403775,26,Mariam,Shah,Female,2014-07-09,12,Class 6,C,O+,Islam,Pakistani,Hamza Shah,+923001078688,"House No. 187, Road 1, Clifton",Karachi,Sindh,74200,88%,475,700,67.86,B,Pass,Paid,mariam.shah10,2026-07-16T19:29:03.942Z,75,49,74,NULL,78,NULL,50,73,NULL,NULL,NULL,NULL,76,NULL,NULL
STD856590,ADM503428,17,Saad,Siddiqui,Male,2016-10-18,10,Class 5,B,O-,Islam,Pakistani,Omar Siddiqui,+923338220098,"House No. 203, Avenue 7, DHA Phase 5",Lahore,Punjab,54000,75%,383,600,63.83,B,Pass,Paid,saad.siddiqui16,2026-07-16T19:29:03.941Z,56,67,52,NULL,65,74,NULL,NULL,NULL,NULL,NULL,NULL,69,NULL,NULL
STD703583,ADM502857,25,Ahmed,Abbasi,Male,2019-10-21,7,Class 1,C,AB+,Islam,Pakistani,Mustafa Abbasi,+923022165838,"House No. 401, Street 2, Bahria Town",Rawalpindi,Punjab,46000,20%,0,500,0,N/A,Absent,Paid,ahmed.abbasi15,2026-07-16T19:29:03.939Z,A,A,A,A,NULL,NULL,NULL,NULL,NULL,NULL,NULL,NULL,A,NULL,NULL
STD056610,ADM485322,14,Anum,Siddiqui,Female,2019-05-06,7,Class 2,B,B+,Islam,Pakistani,Zain Siddiqui,+923015397564,"House No. 321, Street 15, Saddar",Rawalpindi,Punjab,46000,79%,319,500,63.8,B,Pass,Paid,anum.siddiqui62,2026-07-16T19:29:03.940Z,76,47,68,73,NULL,NULL,NULL,NULL,NULL,NULL,NULL,NULL,55,NULL,NULL
STD327034,ADM652639,18,Zain,Shah,Male,2018-11-19,8,Class 3,B,AB-,Hinduism,Pakistani,Fahad Shah,+923004793676,"House No. 127, Avenue 8, Clifton",Karachi,Sindh,74200,97%,290,500,58,C,Pass,Unpaid,zain.shah67,2026-07-16T19:29:03.940Z,60,49,57,74,NULL,NULL,NULL,NULL,NULL,NULL,NULL,NULL,NULL,50,NULL
STD634594,ADM739396,11,Zainab,Khan,Female,2015-03-17,11,Class 5,B,A-,Hinduism,Pakistani,Fahad Khan,+923022069132,"House No. 147, Avenue 14, Samanabad",Lahore,Punjab,54000,89%,409,600,68.17,B,Pass,Unpaid,zainab.khan97,2026-07-16T19:29:03.941Z,51,79,66,NULL,76,70,NULL,NULL,NULL,NULL,NULL,NULL,NULL,67,NULL
STD611444,ADM985556,26,Laiba,Sheikh,Female,2010-04-23,16,Class 10,C,A-,Hinduism,Pakistani,Bilal Sheikh,+923129350703,"House No. 495, Avenue 7, PECHS",Karachi,Sindh,74200,13%,0,700,0,N/A,Absent,Paid,laiba.sheikh52,2026-07-16T19:29:03.945Z,A,A,A,NULL,NULL,NULL,NULL,NULL,A,A,NULL,NULL,NULL,A,A
STD182987,ADM290524,16,Ayesha,Mughal,Female,2010-03-05,16,Class 10,B,O-,Christianity,Pakistani,Arsalan Mughal,+923211989157,"House No. 121, Lane 9, Bani Gala",Islamabad,Islamabad Capital Territory,44000,98%,440,700,62.86,B,Pass,Paid,ayesha.mughal34,2026-07-16T19:29:03.945Z,76,57,58,NULL,NULL,NULL,NULL,NULL,70,47,NULL,NULL,NULL,74,58
STD689393,ADM403740,24,Mahnoor,Siddiqui,Female,2010-03-12,16,Class 10,C,AB+,Christianity,Pakistani,Muhammad Siddiqui,+923333271233,"House No. 133, Street 11, North Nazimabad",Karachi,Sindh,74200,68%,429,700,61.29,B,Pass,Paid,mahnoor.siddiqui53,2026-07-16T19:29:03.945Z,76,55,67,NULL,NULL,NULL,NULL,NULL,49,56,NULL,NULL,NULL,49,77
STD406958,ADM167006,25,Amna,Sheikh,Female,2017-04-07,9,Class 4,C,O+,Islam,Pakistani,Fahad Sheikh,+923026160284,"House No. 213, Street 1, Sector G-11",Islamabad,Islamabad Capital Territory,44000,98%,550,600,91.67,A+,Pass,Paid,amna.sheikh16,2026-07-16T19:29:03.941Z,86,100,87,NULL,85,98,NULL,NULL,NULL,NULL,NULL,NULL,94,NULL,NULL
STD711760,ADM201943,12,Laiba,Sheikh,Female,2013-06-08,13,Class 8,B,AB-,Islam,Pakistani,Omar Sheikh,+923331822313,"House No. 267, Avenue 12, DHA Phase 5",Lahore,Punjab,54000,86%,449,700,64.14,B,Pass,Paid,laiba.sheikh74,2026-07-16T19:29:03.944Z,78,71,58,NULL,54,NULL,53,72,NULL,NULL,NULL,NULL,63,NULL,NULL
STD611188,ADM178919,17,Zainab,Malik,Female,2017-12-17,9,Class 3,B,AB+,Hinduism,Pakistani,Omar Malik,+923121254240,"House No. 364, Road 14, Bani Gala",Islamabad,Islamabad Capital Territory,44000,88%,448,500,89.6,A+,Pass,Unpaid,zainab.malik99,2026-07-16T19:29:03.940Z,90,88,92,86,NULL,NULL,NULL,NULL,NULL,NULL,NULL,NULL,NULL,92,NULL
STD078976,ADM352129,19,Sana,Mughal,Female,2010-03-28,16,Class 10,B,B+,Christianity,Pakistani,Saad Mughal,+923004636269,"House No. 51, Street 4, Johar Town",Lahore,Punjab,54000,69%,631,700,90.14,A+,Pass,Unpaid,sana.mughal64,2026-07-16T19:29:03.945Z,93,92,99,NULL,NULL,NULL,NULL,NULL,90,80,NULL,NULL,NULL,87,90
STD025323,ADM387299,8,Bilal,Abbasi,Male,2020-11-01,6,Class 1,A,A-,Hinduism,Pakistani,Arsalan Abbasi,+923331484296,"House No. 80, Road 4, Sector G-11",Islamabad,Islamabad Capital Territory,44000,72%,317,500,63.4,B,Pass,Paid,bilal.abbasi89,2026-07-16T19:29:03.939Z,79,50,54,71,NULL,NULL,NULL,NULL,NULL,NULL,NULL,NULL,NULL,63,NULL
STD292412,ADM384685,29,Mustafa,Ahmed,Male,2011-03-16,15,Class 10,C,B+,Islam,Pakistani,Bilal Ahmed,+923008835736,"House No. 371, Lane 14, North Nazimabad",Karachi,Sindh,74200,94%,161,700,23,F,Fail,Paid,mustafa.ahmed51,2026-07-16T19:29:03.945Z,24,29,18,NULL,NULL,NULL,NULL,NULL,26,16,NULL,NULL,26,NULL,22
STD631452,ADM391945,12,Zain,Khan,Male,2017-01-04,9,Class 4,B,O+,Islam,Pakistani,Muhammad Khan,+923334078694,"House No. 452, Road 9, North Nazimabad",Karachi,Sindh,74200,90%,349,600,58.17,C,Pass,Paid,zain.khan88,2026-07-16T19:29:03.941Z,67,58,50,NULL,46,70,NULL,NULL,NULL,NULL,NULL,NULL,58,NULL,NULL
STD920040,ADM047813,9,Zainab,Mughal,Female,2016-02-06,10,Class 4,A,O+,Islam,Pakistani,Fahad Mughal,+923013887617,"House No. 254, Lane 14, Sector F-10",Islamabad,Islamabad Capital Territory,44000,65%,375,600,62.5,B,Pass,Paid,zainab.mughal64,2026-07-16T19:29:03.941Z,51,64,63,NULL,55,64,NULL,NULL,NULL,NULL,NULL,NULL,78,NULL,NULL
STD585904,ADM514171,29,Hira,Chaudhry,Female,2019-01-08,7,Class 1,C,B+,Islam,Pakistani,Arsalan Chaudhry,+923459640277,"House No. 230, Avenue 15, Sector I-8",Islamabad,Islamabad Capital Territory,44000,96%,308,500,61.6,B,Pass,Unpaid,hira.chaudhry97,2026-07-16T19:29:03.939Z,45,46,77,62,NULL,NULL,NULL,NULL,NULL,NULL,NULL,NULL,78,NULL,NULL
STD151114,ADM338362,21,Khadija,Shah,Female,2015-10-23,11,Class 6,C,O+,Islam,Pakistani,Ahmed Shah,+923331380259,"House No. 480, Road 6, Saddar",Rawalpindi,Punjab,46000,79%,146,700,20.86,F,Fail,Paid,khadija.shah23,2026-07-16T19:29:03.942Z,17,21,19,NULL,18,NULL,23,23,NULL,NULL,NULL,NULL,25,NULL,NULL
STD435937,ADM818225,25,Saba,Khan,Female,2018-05-08,8,Class 3,C,AB+,Islam,Pakistani,Usman Khan,+923217906448,"House No. 440, Road 5, Satellite Town",Rawalpindi,Punjab,46000,68%,294,500,58.8,C,Pass,Paid,saba.khan41,2026-07-16T19:29:03.940Z,51,64,59,72,NULL,NULL,NULL,NULL,NULL,NULL,NULL,NULL,48,NULL,NULL
STD647115,ADM871631,4,Omar,Ali,Male,2018-05-09,8,Class 2,A,O+,Islam,Pakistani,Arsalan Ali,+923459799644,"House No. 161, Road 4, Johar Town",Lahore,Punjab,54000,81%,319,500,63.8,B,Pass,Paid,omar.ali30,2026-07-16T19:29:03.939Z,72,59,53,60,NULL,NULL,NULL,NULL,NULL,NULL,NULL,NULL,75,NULL,NULL
STD125802,ADM938218,10,Hamza,Khan,Male,2016-04-24,10,Class 5,A,B+,Islam,Pakistani,Ahmed Khan,+923025127973,"House No. 39, Lane 1, PECHS",Karachi,Sindh,74200,96%,355,600,59.17,C,Pass,Paid,hamza.khan89,2026-07-16T19:29:03.941Z,48,76,49,NULL,63,59,NULL,NULL,NULL,NULL,NULL,NULL,60,NULL,NULL
STD611759,ADM882758,3,Saba,Siddiqui,Female,2015-09-24,11,Class 5,A,A+,Islam,Pakistani,Abdullah Siddiqui,+923219577610,"House No. 409, Avenue 4, Sector G-11",Islamabad,Islamabad Capital Territory,44000,87%,359,600,59.83,C,Pass,Paid,saba.siddiqui51,2026-07-16T19:29:03.941Z,66,67,48,NULL,61,65,NULL,NULL,NULL,NULL,NULL,NULL,52,NULL,NULL
STD781461,ADM522425,28,Iqra,Mughal,Female,2015-04-14,11,Class 5,C,O-,Islam,Pakistani,Haris Mughal,+923015827597,"House No. 74, Road 15, Chaklala Scheme III",Rawalpindi,Punjab,46000,74%,515,600,85.83,A+,Pass,Paid,iqra.mughal42,2026-07-16T19:29:03.942Z,87,87,98,NULL,80,80,NULL,NULL,NULL,NULL,NULL,NULL,83,NULL,NULL
STD513853,ADM869028,30,Abdullah,Khan,Male,2016-06-02,10,Class 5,C,AB-,Islam,Pakistani,Usman Khan,+923008143891,"House No. 352, Lane 4, Gulshan-e-Iqbal",Karachi,Sindh,74200,69%,128,600,21.33,F,Fail,Paid,abdullah.khan12,2026-07-16T19:29:03.942Z,32,23,30,NULL,14,12,NULL,NULL,NULL,NULL,NULL,NULL,17,NULL,NULL
STD738399,ADM701165,10,Fahad,Abbasi,Male,2019-01-03,7,Class 1,A,AB+,Islam,Pakistani,Abdullah Abbasi,+923016619847,"House No. 36, Avenue 11, Sector F-10",Islamabad,Islamabad Capital Territory,44000,88%,276,500,55.2,C,Pass,Paid,fahad.abbasi94,2026-07-16T19:29:03.939Z,56,50,67,47,NULL,NULL,NULL,NULL,NULL,NULL,NULL,NULL,56,NULL,NULL
STD245091,ADM256979,15,Saba,Abbasi,Female,2016-07-11,10,Class 5,B,AB+,Christianity,Pakistani,Usman Abbasi,+923338902443,"House No. 314, Lane 6, Bahria Town",Rawalpindi,Punjab,46000,83%,353,600,58.83,C,Pass,Paid,saba.abbasi35,2026-07-16T19:29:03.941Z,52,63,77,NULL,57,56,NULL,NULL,NULL,NULL,NULL,NULL,NULL,48,NULL
STD381710,ADM462013,4,Iqra,Khan,Female,2015-07-06,11,Class 5,A,AB+,Christianity,Pakistani,Hamza Khan,+923019326344,"House No. 396, Road 7, Gulberg",Lahore,Punjab,54000,98%,229,600,38.17,F,Fail,Paid,iqra.khan47,2026-07-16T19:29:03.941Z,32,41,48,NULL,37,38,NULL,NULL,NULL,NULL,NULL,NULL,NULL,33,NULL
STD499461,ADM048727,15,Iqra,Qureshi,Female,2014-01-24,12,Class 7,B,B-,Islam,Pakistani,Ahmed Qureshi,+923027311217,"House No. 143, Street 3, Sector F-10",Islamabad,Islamabad Capital Territory,44000,100%,604,700,86.29,A+,Pass,Paid,iqra.qureshi11,2026-07-16T19:29:03.942Z,85,84,85,NULL,87,NULL,87,95,NULL,NULL,NULL,NULL,81,NULL,NULL
STD330716,ADM928204,15,Laiba,Chaudhry,Female,2020-06-06,6,Class 1,B,AB-,Hinduism,Pakistani,Abdullah Chaudhry,+923001810889,"House No. 387, Street 14, Sector I-8",Islamabad,Islamabad Capital Territory,44000,84%,312,500,62.4,B,Pass,Paid,laiba.chaudhry13,2026-07-16T19:29:03.939Z,54,69,68,49,NULL,NULL,NULL,NULL,NULL,NULL,NULL,NULL,NULL,72,NULL
STD552840,ADM367044,30,Abdullah,Chaudhry,Male,2012-08-20,14,Class 9,C,O+,Christianity,Pakistani,Hamza Chaudhry,+923003328594,"House No. 87, Avenue 4, Johar Town",Lahore,Punjab,54000,83%,233,600,38.83,D,Pass,Paid,abdullah.chaudhry97,2026-07-16T19:29:03.945Z,40,45,34,NULL,NULL,NULL,NULL,NULL,36,36,NULL,NULL,NULL,42,NULL
STD226642,ADM386374,19,Sidra,Ali,Female,2019-03-07,7,Class 2,B,O+,Islam,Pakistani,Ahmed Ali,+923124419525,"House No. 29, Avenue 15, Bani Gala",Islamabad,Islamabad Capital Territory,44000,76%,307,500,61.4,B,Pass,Paid,sidra.ali33,2026-07-16T19:29:03.940Z,46,72,58,63,NULL,NULL,NULL,NULL,NULL,NULL,NULL,NULL,68,NULL,NULL
STD822610,ADM324576,21,Fahad,Sheikh,Male,2010-03-16,16,Class 10,C,A-,Islam,Pakistani,Hamza Sheikh,+923452180507,"House No. 221, Road 6, Gulshan-e-Iqbal",Karachi,Sindh,74200,92%,442,700,63.14,B,Pass,Paid,fahad.sheikh38,2026-07-16T19:29:03.945Z,69,50,72,NULL,NULL,NULL,NULL,NULL,56,45,NULL,NULL,77,NULL,73
STD607914,ADM593484,12,Bilal,Qureshi,Male,2014-11-04,12,Class 6,B,O+,Islam,Pakistani,Omar Qureshi,+923007729244,"House No. 38, Lane 6, Satellite Town",Rawalpindi,Punjab,46000,93%,260,700,37.14,F,Fail,Paid,bilal.qureshi73,2026-07-16T19:29:03.942Z,38,33,48,NULL,41,NULL,38,31,NULL,NULL,NULL,NULL,31,NULL,NULL
STD902190,ADM719324,28,Bilal,Butt,Male,2014-11-19,12,Class 6,C,AB-,Islam,Pakistani,Fahad Butt,+923024984630,"House No. 98, Street 14, Defense (DHA)",Karachi,Sindh,74200,73%,634,700,90.57,A+,Pass,Paid,bilal.butt53,2026-07-16T19:29:03.942Z,82,97,99,NULL,85,NULL,84,89,NULL,NULL,NULL,NULL,98,NULL,NULL
STD869652,ADM112422,9,Talha,Mughal,Male,2010-05-02,16,Class 10,A,A+,Islam,Pakistani,Ahmed Mughal,+923006145317,"House No. 170, Lane 8, Sector G-11",Islamabad,Islamabad Capital Territory,44000,90%,472,700,67.43,B,Pass,Paid,talha.mughal82,2026-07-16T19:29:03.945Z,49,75,78,NULL,NULL,NULL,NULL,NULL,73,46,NULL,NULL,77,NULL,74
STD347817,ADM719018,20,Talha,Ahmed,Male,2012-06-27,14,Class 9,B,B-,Christianity,Pakistani,Abdullah Ahmed,+923016023773,"House No. 418, Avenue 2, DHA Phase 5",Lahore,Punjab,54000,69%,380,600,63.33,B,Pass,Paid,talha.ahmed40,2026-07-16T19:29:03.945Z,73,58,74,NULL,NULL,NULL,NULL,NULL,62,52,NULL,NULL,NULL,61,NULL
STD648667,ADM241163,27,Zain,Chaudhry,Male,2014-05-11,12,Class 7,C,AB+,Hinduism,Pakistani,Zain Chaudhry,+923218259166,"House No. 137, Road 11, Johar Town",Lahore,Punjab,54000,85%,641,700,91.57,A+,Pass,Unpaid,zain.chaudhry58,2026-07-16T19:29:03.944Z,96,80,89,NULL,86,NULL,99,100,NULL,NULL,NULL,NULL,NULL,91,NULL
STD277694,ADM097006,4,Sana,Mughal,Female,2012-12-10,14,Class 9,A,B-,Islam,Pakistani,Fahad Mughal,+923127495647,"House No. 272, Avenue 13, Satellite Town",Rawalpindi,Punjab,46000,82%,367,600,61.17,B,Pass,Paid,sana.mughal52,2026-07-16T19:29:03.945Z,76,59,46,NULL,NULL,NULL,NULL,NULL,58,53,NULL,NULL,75,NULL,NULL
STD724665,ADM661302,5,Mustafa,Siddiqui,Male,2011-03-07,15,Class 9,A,A-,Islam,Pakistani,Usman Siddiqui,+923127614481,"House No. 267, Street 8, Chaklala Scheme III",Rawalpindi,Punjab,46000,96%,326,600,54.33,C,Pass,Paid,mustafa.siddiqui66,2026-07-16T19:29:03.945Z,55,52,49,NULL,NULL,NULL,NULL,NULL,48,60,NULL,NULL,62,NULL,NULL
STD420154,ADM186484,17,Saba,Siddiqui,Female,2011-04-21,15,Class 10,B,A-,Hinduism,Pakistani,Mustafa Siddiqui,+923331275857,"House No. 356, Lane 5, Sector F-10",Islamabad,Islamabad Capital Territory,44000,86%,280,700,40,F,Fail,Paid,saba.siddiqui91,2026-07-16T19:29:03.945Z,42,48,36,NULL,NULL,NULL,NULL,NULL,48,30,NULL,NULL,NULL,30,46
STD348439,ADM459823,13,Zainab,Shah,Female,2013-03-05,13,Class 7,B,B-,Islam,Pakistani,Usman Shah,+923215824206,"House No. 214, Road 11, Gulshan-e-Iqbal",Karachi,Sindh,74200,100%,418,700,59.71,C,Pass,Paid,zainab.shah66,2026-07-16T19:29:03.942Z,61,57,50,NULL,71,NULL,74,46,NULL,NULL,NULL,NULL,59,NULL,NULL
STD741006,ADM885641,2,Iqra,Ahmed,Female,2012-09-19,14,Class 9,A,A+,Christianity,Pakistani,Mustafa Ahmed,+923027654083,"House No. 364, Lane 2, Gulberg",Lahore,Punjab,54000,74%,404,600,67.33,B,Pass,Unpaid,iqra.ahmed23,2026-07-16T19:29:03.945Z,62,68,75,NULL,NULL,NULL,NULL,NULL,69,77,NULL,NULL,NULL,53,NULL
STD469967,ADM886268,1,Muhammad,Malik,Male,2012-07-22,14,Class 9,A,AB-,Islam,Pakistani,Ahmed Malik,+923454858424,"House No. 223, Avenue 12, Gulberg",Lahore,Punjab,54000,99%,369,600,61.5,B,Pass,Paid,muhammad.malik61,2026-07-16T19:29:03.945Z,62,47,66,NULL,NULL,NULL,NULL,NULL,76,53,NULL,NULL,65,NULL,NULL
STD886679,ADM558178,26,Sara,Mughal,Female,2013-09-14,13,Class 7,C,A+,Islam,Pakistani,Abdullah Mughal,+923123664193,"House No. 136, Street 5, Clifton",Karachi,Sindh,74200,85%,299,700,42.71,D,Pass,Paid,sara.mughal87,2026-07-16T19:29:03.944Z,44,44,43,NULL,39,NULL,47,35,NULL,NULL,NULL,NULL,47,NULL,NULL
STD072721,ADM019640,27,Sara,Khan,Female,2012-11-25,14,Class 9,C,A+,Christianity,Pakistani,Ali Khan,+923332159447,"House No. 218, Street 2, North Nazimabad",Karachi,Sindh,74200,88%,555,600,92.5,A+,Pass,Paid,sara.khan99,2026-07-16T19:29:03.945Z,93,97,87,NULL,NULL,NULL,NULL,NULL,88,100,NULL,NULL,NULL,90,NULL
STD573356,ADM519043,10,Usman,Shah,Male,2012-08-01,14,Class 8,A,B+,Islam,Pakistani,Talha Shah,+923004876036,"House No. 483, Road 9, DHA Phase 5",Lahore,Punjab,54000,96%,456,700,65.14,B,Pass,Paid,usman.shah76,2026-07-16T19:29:03.944Z,77,62,72,NULL,67,NULL,47,64,NULL,NULL,NULL,NULL,67,NULL,NULL
STD672286,ADM531118,23,Arsalan,Ahmed,Male,2011-05-26,15,Class 10,C,O-,Islam,Pakistani,Arsalan Ahmed,+923014823979,"House No. 72, Road 6, Bahria Town",Rawalpindi,Punjab,46000,75%,395,700,56.43,C,Pass,Paid,arsalan.ahmed69,2026-07-16T19:29:03.945Z,69,55,49,NULL,NULL,NULL,NULL,NULL,59,48,NULL,NULL,57,NULL,58
STD467917,ADM858062,2,Muhammad,Ahmed,Male,2010-11-16,16,Class 10,A,AB-,Islam,Pakistani,Abdullah Ahmed,+923211527412,"House No. 19, Road 7, Sector G-11",Islamabad,Islamabad Capital Territory,44000,94%,445,700,63.57,B,Pass,Paid,muhammad.ahmed91,2026-07-16T19:29:03.945Z,61,73,55,NULL,NULL,NULL,NULL,NULL,69,63,NULL,NULL,57,NULL,67
STD942084,ADM189778,11,Talha,Siddiqui,Male,2013-02-14,13,Class 7,B,B+,Christianity,Pakistani,Omar Siddiqui,+923015712658,"House No. 232, Road 2, Bani Gala",Islamabad,Islamabad Capital Territory,44000,93%,427,700,61,B,Pass,Unpaid,talha.siddiqui79,2026-07-16T19:29:03.942Z,74,68,65,NULL,56,NULL,49,60,NULL,NULL,NULL,NULL,NULL,55,NULL
STD676243,ADM188001,23,Abdullah,Ahmed,Male,2015-05-07,11,Class 5,C,AB-,Islam,Pakistani,Abdullah Ahmed,+923009752039,"House No. 208, Lane 9, Chaklala Scheme III",Rawalpindi,Punjab,46000,76%,225,600,37.5,F,Fail,Paid,abdullah.ahmed25,2026-07-16T19:29:03.941Z,37,41,31,NULL,38,32,NULL,NULL,NULL,NULL,NULL,NULL,46,NULL,NULL
STD217542,ADM443522,10,Sidra,Khan,Female,2013-04-01,13,Class 7,A,O-,Islam,Pakistani,Ali Khan,+923333479746,"House No. 374, Street 4, Saddar",Rawalpindi,Punjab,46000,85%,403,700,57.57,C,Pass,Paid,sidra.khan38,2026-07-16T19:29:03.942Z,70,60,50,NULL,46,NULL,61,59,NULL,NULL,NULL,NULL,57,NULL,NULL
STD407443,ADM092900,28,Mariam,Ahmed,Female,2011-12-10,15,Class 9,C,B-,Hinduism,Pakistani,Usman Ahmed,+923216517256,"House No. 358, Lane 4, Sector F-10",Islamabad,Islamabad Capital Territory,44000,71%,358,600,59.67,C,Pass,Paid,mariam.ahmed93,2026-07-16T19:29:03.945Z,75,47,68,NULL,NULL,NULL,NULL,NULL,54,66,NULL,NULL,NULL,48,NULL
STD457408,ADM263412,27,Saad,Butt,Male,2015-02-09,11,Class 6,C,B-,Islam,Pakistani,Arsalan Butt,+923025512152,"House No. 401, Avenue 5, Satellite Town",Rawalpindi,Punjab,46000,87%,429,700,61.29,B,Pass,Paid,saad.butt19,2026-07-16T19:29:03.942Z,71,66,46,NULL,73,NULL,52,65,NULL,NULL,NULL,NULL,56,NULL,NULL
STD030055,ADM077631,15,Ali,Ali,Male,2015-06-24,11,Class 6,B,AB-,Christianity,Pakistani,Bilal Ali,+923017198265,"House No. 18, Lane 3, Defense (DHA)",Karachi,Sindh,74200,88%,619,700,88.43,A+,Pass,Paid,ali.ali25,2026-07-16T19:29:03.942Z,83,90,99,NULL,83,NULL,88,86,NULL,NULL,NULL,NULL,NULL,90,NULL
STD528958,ADM384559,10,Hira,Butt,Female,2015-12-01,11,Class 6,A,AB-,Islam,Pakistani,Talha Butt,+923217978421,"House No. 31, Street 13, Model Town",Lahore,Punjab,54000,97%,423,700,60.43,B,Pass,Paid,hira.butt90,2026-07-16T19:29:03.942Z,68,48,71,NULL,72,NULL,51,63,NULL,NULL,NULL,NULL,50,NULL,NULL
STD046050,ADM792793,26,Sara,Qureshi,Female,2011-10-28,15,Class 9,C,AB+,Islam,Pakistani,Bilal Qureshi,+923217905745,"House No. 2, Street 6, Johar Town",Lahore,Punjab,54000,84%,234,600,39,F,Fail,Paid,sara.qureshi26,2026-07-16T19:29:03.945Z,38,36,37,NULL,NULL,NULL,NULL,NULL,46,46,NULL,NULL,31,NULL,NULL
STD674401,ADM980006,10,Ali,Chaudhry,Male,2012-06-24,14,Class 9,A,A-,Islam,Pakistani,Muhammad Chaudhry,+923338122237,"House No. 274, Avenue 15, Bahria Town",Rawalpindi,Punjab,46000,84%,390,600,65,B,Pass,Paid,ali.chaudhry58,2026-07-16T19:29:03.945Z,61,62,79,NULL,NULL,NULL,NULL,NULL,71,56,NULL,NULL,61,NULL,NULL
STD155488,ADM799566,12,Ahmed,Butt,Male,2014-03-15,12,Class 7,B,AB+,Christianity,Pakistani,Hamza Butt,+923018057183,"House No. 484, Street 3, Sector G-11",Islamabad,Islamabad Capital Territory,44000,79%,420,700,60,B,Pass,Unpaid,ahmed.butt69,2026-07-16T19:29:03.942Z,46,59,54,NULL,66,NULL,47,71,NULL,NULL,NULL,NULL,NULL,77,NULL
STD101252,ADM172288,9,Mariam,Ahmed,Female,2013-08-07,13,Class 8,A,A+,Islam,Pakistani,Saad Ahmed,+923016568244,"House No. 318, Avenue 3, Sector G-11",Islamabad,Islamabad Capital Territory,44000,96%,653,700,93.29,A+,Pass,Paid,mariam.ahmed28,2026-07-16T19:29:03.944Z,81,94,87,NULL,99,NULL,99,100,NULL,NULL,NULL,NULL,93,NULL,NULL
STD921211,ADM760452,21,Fatima,Chaudhry,Female,2011-12-26,15,Class 9,C,A-,Islam,Pakistani,Usman Chaudhry,+923126781265,"House No. 50, Street 14, Bani Gala",Islamabad,Islamabad Capital Territory,44000,73%,251,600,41.83,D,Pass,Unpaid,fatima.chaudhry81,2026-07-16T19:29:03.945Z,48,34,42,NULL,NULL,NULL,NULL,NULL,48,33,NULL,NULL,46,NULL,NULL
STD450286,ADM396731,24,Anum,Ali,Female,2012-01-02,14,Class 8,C,AB+,Islam,Pakistani,Ali Ali,+923005556267,"House No. 104, Street 1, Bahria Town",Rawalpindi,Punjab,46000,77%,127,700,18.14,F,Fail,Paid,anum.ali40,2026-07-16T19:29:03.944Z,13,17,15,NULL,14,NULL,16,20,NULL,NULL,NULL,NULL,32,NULL,NULL
STD997335,ADM471586,4,Fahad,Khan,Male,2011-07-07,15,Class 10,A,O-,Islam,Pakistani,Omar Khan,+923212363572,"House No. 431, Street 4, Satellite Town",Rawalpindi,Punjab,46000,87%,613,700,87.57,A+,Pass,Paid,fahad.khan64,2026-07-16T19:29:03.945Z,93,87,80,NULL,NULL,NULL,NULL,NULL,99,85,NULL,NULL,88,NULL,81
STD881024,ADM419560,6,Amna,Abbasi,Female,2014-04-13,12,Class 7,A,O-,Islam,Pakistani,Ahmed Abbasi,+923122411069,"House No. 348, Lane 8, Sector I-8",Islamabad,Islamabad Capital Territory,44000,73%,387,700,55.29,C,Pass,Paid,amna.abbasi91,2026-07-16T19:29:03.942Z,54,58,49,NULL,47,NULL,48,57,NULL,NULL,NULL,NULL,74,NULL,NULL
STD586545,ADM020344,23,Zain,Malik,Male,2012-03-10,14,Class 9,C,AB+,Islam,Pakistani,Talha Malik,+923018850282,"House No. 470, Road 10, Sector I-8",Islamabad,Islamabad Capital Territory,44000,71%,247,600,41.17,D,Pass,Paid,zain.malik49,2026-07-16T19:29:03.945Z,43,39,41,NULL,NULL,NULL,NULL,NULL,42,42,NULL,NULL,40,NULL,NULL
STD501944,ADM289637,28,Anum,Ahmed,Female,2011-05-28,15,Class 10,C,O+,Islam,Pakistani,Muhammad Ahmed,+923024240428,"House No. 57, Lane 15, Sector F-10",Islamabad,Islamabad Capital Territory,44000,92%,296,700,42.29,D,Pass,Paid,anum.ahmed80,2026-07-16T19:29:03.945Z,39,41,47,NULL,NULL,NULL,NULL,NULL,41,46,NULL,NULL,46,NULL,36
STD561665,ADM211730,1,Hira,Qureshi,Female,2011-05-28,15,Class 10,A,O+,Hinduism,Pakistani,Usman Qureshi,+923006903089,"House No. 84, Road 1, Sector G-11",Islamabad,Islamabad Capital Territory,44000,14%,0,700,0,N/A,Absent,Paid,hira.qureshi48,2026-07-16T19:29:03.945Z,A,A,A,NULL,NULL,NULL,NULL,NULL,A,A,NULL,NULL,NULL,A,A
STD418938,ADM696615,15,Omar,Mughal,Male,2011-03-16,15,Class 9,B,AB-,Hinduism,Pakistani,Arsalan Mughal,+923337534849,"House No. 210, Road 1, Johar Town",Lahore,Punjab,54000,81%,244,600,40.67,D,Pass,Paid,omar.mughal71,2026-07-16T19:29:03.945Z,36,42,40,NULL,NULL,NULL,NULL,NULL,37,48,NULL,NULL,NULL,41,NULL
STD246828,ADM573678,22,Saba,Abbasi,Female,2011-11-22,15,Class 9,C,AB-,Islam,Pakistani,Abdullah Abbasi,+923217805207,"House No. 442, Avenue 13, Saddar",Rawalpindi,Punjab,46000,94%,259,600,43.17,D,Pass,Paid,saba.abbasi49,2026-07-16T19:29:03.945Z,45,48,47,NULL,NULL,NULL,NULL,NULL,40,34,NULL,NULL,45,NULL,NULL
STD990497,ADM507207,25,Ali,Butt,Male,2013-03-21,13,Class 7,C,O+,Islam,Pakistani,Ahmed Butt,+923124589046,"House No. 128, Street 15, Bani Gala",Islamabad,Islamabad Capital Territory,44000,74%,263,700,37.57,F,Fail,Unpaid,ali.butt81,2026-07-16T19:29:03.944Z,41,48,36,NULL,31,NULL,33,40,NULL,NULL,NULL,NULL,34,NULL,NULL
STD337164,ADM689136,6,Talha,Siddiqui,Male,2010-11-22,16,Class 10,A,O+,Islam,Pakistani,Ahmed Siddiqui,+923028954899,"House No. 11, Street 6, DHA Phase 5",Lahore,Punjab,54000,89%,261,700,37.29,F,Fail,Unpaid,talha.siddiqui50,2026-07-16T19:29:03.945Z,39,32,43,NULL,NULL,NULL,NULL,NULL,42,38,NULL,NULL,32,NULL,35
STD639248,ADM399570,21,Sara,Qureshi,Female,2012-11-19,14,Class 8,C,A-,Islam,Pakistani,Fahad Qureshi,+923025243245,"House No. 326, Road 2, Saddar",Rawalpindi,Punjab,46000,100%,452,700,64.57,B,Pass,Paid,sara.qureshi14,2026-07-16T19:29:03.944Z,56,68,79,NULL,54,NULL,65,51,NULL,NULL,NULL,NULL,79,NULL,NULL
STD965359,ADM899568,25,Sidra,Butt,Female,2011-01-17,15,Class 10,C,A-,Hinduism,Pakistani,Ali Butt,+923334103085,"House No. 210, Street 8, Johar Town",Lahore,Punjab,54000,67%,468,700,66.86,B,Pass,Paid,sidra.butt94,2026-07-16T19:29:03.945Z,69,74,47,NULL,NULL,NULL,NULL,NULL,50,78,NULL,NULL,NULL,71,79
STD328766,ADM437099,29,Zain,Chaudhry,Male,2013-11-21,13,Class 7,C,AB-,Islam,Pakistani,Mustafa Chaudhry,+923331330128,"House No. 123, Street 10, Saddar",Rawalpindi,Punjab,46000,97%,620,700,88.57,A+,Pass,Paid,zain.chaudhry76,2026-07-16T19:29:03.944Z,89,97,84,NULL,94,NULL,82,94,NULL,NULL,NULL,NULL,80,NULL,NULL
STD446540,ADM712120,16,Mahnoor,Shah,Female,2015-02-23,11,Class 5,B,A+,Islam,Pakistani,Ahmed Shah,+923457569069,"House No. 461, Road 14, Satellite Town",Rawalpindi,Punjab,46000,69%,362,600,60.33,B,Pass,Unpaid,mahnoor.shah62,2026-07-16T19:29:03.941Z,59,79,53,NULL,74,46,NULL,NULL,NULL,NULL,NULL,NULL,51,NULL,NULL
STD552239,ADM744095,5,Mustafa,Butt,Male,2015-07-08,11,Class 5,A,A-,Hinduism,Pakistani,Saad Butt,+923028840099,"House No. 247, Street 8, Chaklala Scheme III",Rawalpindi,Punjab,46000,73%,360,600,60,B,Pass,Unpaid,mustafa.butt92,2026-07-16T19:29:03.941Z,63,46,70,NULL,47,61,NULL,NULL,NULL,NULL,NULL,NULL,NULL,73,NULL
STD090110,ADM448733,6,Abdullah,Chaudhry,Male,2016-11-16,10,Class 5,A,A-,Islam,Pakistani,Ali Chaudhry,+923211767694,"House No. 120, Avenue 9, Bani Gala",Islamabad,Islamabad Capital Territory,44000,75%,366,600,61,B,Pass,Paid,abdullah.chaudhry91,2026-07-16T19:29:03.941Z,51,74,48,NULL,78,67,NULL,NULL,NULL,NULL,NULL,NULL,48,NULL,NULL
STD303021,ADM507275,2,Fahad,Malik,Male,2015-06-16,11,Class 6,A,B+,Islam,Pakistani,Ahmed Malik,+923123747367,"House No. 250, Road 9, Johar Town",Lahore,Punjab,54000,83%,452,700,64.57,B,Pass,Unpaid,fahad.malik34,2026-07-16T19:29:03.942Z,45,73,61,NULL,77,NULL,63,65,NULL,NULL,NULL,NULL,68,NULL,NULL
STD989321,ADM262823,27,Hamza,Butt,Male,2016-01-14,10,Class 5,C,B+,Islam,Pakistani,Usman Butt,+923019666607,"House No. 465, Road 12, Bahria Town",Rawalpindi,Punjab,46000,74%,370,600,61.67,B,Pass,Paid,hamza.butt53,2026-07-16T19:29:03.942Z,66,73,62,NULL,55,52,NULL,NULL,NULL,NULL,NULL,NULL,62,NULL,NULL
STD885303,ADM633474,21,Fatima,Malik,Female,2016-02-07,10,Class 5,C,O-,Hinduism,Pakistani,Abdullah Malik,+923219653560,"House No. 1, Street 5, Saddar",Rawalpindi,Punjab,46000,86%,389,600,64.83,B,Pass,Paid,fatima.malik57,2026-07-16T19:29:03.941Z,52,65,54,NULL,79,70,NULL,NULL,NULL,NULL,NULL,NULL,NULL,69,NULL
STD045088,ADM193035,9,Mahnoor,Shah,Female,2016-04-10,10,Class 5,A,O-,Christianity,Pakistani,Arsalan Shah,+923012575893,"House No. 276, Road 11, Gulshan-e-Iqbal",Karachi,Sindh,74200,71%,117,600,19.5,F,Fail,Paid,mahnoor.shah55,2026-07-16T19:29:03.941Z,31,19,14,NULL,12,22,NULL,NULL,NULL,NULL,NULL,NULL,NULL,19,NULL
STD532412,ADM236710,9,Muhammad,Abbasi,Male,2011-12-04,15,Class 9,A,A+,Islam,Pakistani,Talha Abbasi,+923213855994,"House No. 23, Street 3, Bani Gala",Islamabad,Islamabad Capital Territory,44000,31%,0,600,0,N/A,Absent,Paid,muhammad.abbasi45,2026-07-16T19:29:03.945Z,A,A,A,NULL,NULL,NULL,NULL,NULL,A,A,NULL,NULL,A,NULL,NULL
STD251125,ADM047902,30,Usman,Mughal,Male,2013-10-07,13,Class 7,C,O-,Islam,Pakistani,Zain Mughal,+923217199497,"House No. 319, Street 15, Saddar",Rawalpindi,Punjab,46000,100%,425,700,60.71,B,Pass,Paid,usman.mughal89,2026-07-16T19:29:03.944Z,62,73,61,NULL,57,NULL,48,57,NULL,NULL,NULL,NULL,67,NULL,NULL
STD566285,ADM610232,8,Sana,Siddiqui,Female,2015-04-10,11,Class 5,A,A-,Islam,Pakistani,Muhammad Siddiqui,+923338863206,"House No. 63, Street 15, Gulberg",Lahore,Punjab,54000,83%,223,600,37.17,F,Fail,Paid,sana.siddiqui82,2026-07-16T19:29:03.941Z,43,34,36,NULL,43,30,NULL,NULL,NULL,NULL,NULL,NULL,37,NULL,NULL